,Age,Education Level,Self Lms,Adaptivity Level,Numeric Adaptability
0,21-25,University,No,Moderate,1
1,21-25,University,Yes,Moderate,1
2,16-20,College,No,Moderate,1
3,11-15,School,No,Moderate,1
4,16-20,School,No,Low,0
5,11-15,School,No,Low,0
6,11-15,School,No,Low,0
7,11-15,School,No,Moderate,1
8,16-20,College,No,Low,0
9,11-15,School,No,Moderate,1
10,16-20,University,No,Low,0
11,16-20,College,No,Low,0
12,11-15,School,No,Moderate,1
13,16-20,College,No,Low,0
14,11-15,School,No,Moderate,1
15,11-15,School,No,Low,0
16,26-30,University,No,Low,0
17,21-25,University,No,Low,0
18,16-20,College,No,Low,0
19,16-20,College,No,Moderate,1
20,6-10,School,No,High,2
21,6-10,School,No,Low,0
22,16-20,College,Yes,Low,0
23,11-15,School,No,Moderate,1
24,16-20,College,No,Moderate,1
25,11-15,School,No,Moderate,1
26,1-5,School,No,Moderate,1
27,26-30,University,No,Moderate,1
28,1-5,School,No,Moderate,1
29,16-20,College,No,Moderate,1
30,6-10,School,No,Moderate,1
31,16-20,College,No,Low,0
32,21-25,University,No,Moderate,1
33,16-20,College,No,Moderate,1
34,11-15,School,No,Low,0
35,21-25,University,Yes,Moderate,1
36,21-25,College,No,Moderate,1
37,6-10,School,No,High,2
38,26-30,University,No,Low,0
39,11-15,School,No,Low,0
40,21-25,University,Yes,Moderate,1
41,21-25,University,Yes,Moderate,1
42,16-20,School,No,Low,0
43,11-15,School,No,Moderate,1
44,21-25,University,Yes,Low,0
45,21-25,University,No,Moderate,1
46,1-5,School,No,Moderate,1
47,11-15,School,No,Moderate,1
48,11-15,School,No,Moderate,1
49,21-25,University,Yes,Low,0
50,16-20,College,No,Low,0
51,11-15,School,No,Moderate,1
52,21-25,University,Yes,Moderate,1
53,26-30,University,No,Moderate,1
54,1-5,School,No,Low,0
55,1-5,School,No,Moderate,1
56,21-25,University,No,Low,0
57,16-20,University,No,Low,0
58,11-15,School,No,Low,0
59,16-20,School,No,Low,0
60,21-25,University,No,Moderate,1
61,21-25,College,No,Low,0
62,16-20,College,Yes,Moderate,1
63,11-15,School,No,Moderate,1
64,11-15,School,No,Low,0
65,26-30,University,No,High,2
66,11-15,School,No,Moderate,1
67,6-10,School,No,Low,0
68,11-15,School,No,Low,0
69,11-15,School,No,Moderate,1
70,21-25,College,Yes,Low,0
71,16-20,College,No,Low,0
72,21-25,University,No,Low,0
73,11-15,School,No,Low,0
74,11-15,School,No,Moderate,1
75,6-10,School,No,Low,0
76,16-20,College,Yes,Moderate,1
77,21-25,College,No,Low,0
78,11-15,School,No,Moderate,1
79,11-15,School,No,Moderate,1
80,11-15,School,No,Low,0
81,11-15,School,No,Moderate,1
82,21-25,University,No,Moderate,1
83,11-15,School,No,Low,0
84,1-5,School,No,Moderate,1
85,11-15,School,No,Moderate,1
86,11-15,School,No,High,2
87,21-25,University,Yes,Moderate,1
88,11-15,School,No,Moderate,1
89,26-30,University,No,Low,0
90,21-25,University,No,Moderate,1
91,21-25,University,Yes,Moderate,1
92,21-25,University,Yes,Moderate,1
93,21-25,University,Yes,Low,0
94,1-5,School,No,Moderate,1
95,16-20,University,No,Moderate,1
96,11-15,School,No,Moderate,1
97,11-15,School,No,Low,0
98,21-25,University,Yes,Moderate,1
99,16-20,College,No,Low,0
100,11-15,School,No,Low,0
101,11-15,School,No,Moderate,1
102,16-20,College,No,Low,0
103,11-15,School,No,Moderate,1
104,1-5,School,No,Moderate,1
105,11-15,School,No,Moderate,1
106,11-15,School,No,Moderate,1
107,11-15,School,No,Moderate,1
108,21-25,University,No,Moderate,1
109,21-25,University,Yes,High,2
110,6-10,School,No,Low,0
111,16-20,College,No,Low,0
112,11-15,School,No,Low,0
113,21-25,University,Yes,Moderate,1
114,16-20,College,No,Moderate,1
115,21-25,University,Yes,Moderate,1
116,26-30,University,No,Low,0
117,21-25,University,Yes,Low,0
118,16-20,College,No,Moderate,1
119,21-25,University,Yes,Moderate,1
120,16-20,College,No,Moderate,1
121,16-20,School,No,Low,0
122,11-15,School,No,Moderate,1
123,11-15,School,No,Moderate,1
124,16-20,University,Yes,Moderate,1
125,11-15,School,No,Low,0
126,21-25,University,No,Low,0
127,16-20,College,No,Moderate,1
128,11-15,School,No,Low,0
129,21-25,University,Yes,High,2
130,21-25,University,Yes,Moderate,1
131,21-25,University,No,Low,0
132,21-25,University,Yes,High,2
133,16-20,College,No,Low,0
134,21-25,University,Yes,Moderate,1
135,21-25,University,No,Low,0
136,16-20,School,No,Low,0
137,21-25,University,No,Moderate,1
138,1-5,School,No,Moderate,1
139,11-15,School,No,Moderate,1
140,11-15,School,No,Low,0
141,21-25,University,Yes,Moderate,1
142,11-15,School,No,Moderate,1
143,16-20,College,No,Moderate,1
144,21-25,University,No,Low,0
145,21-25,University,No,Moderate,1
146,21-25,University,No,Moderate,1
147,11-15,School,No,Low,0
148,21-25,University,No,Low,0
149,21-25,University,No,Low,0
150,1-5,School,No,Moderate,1
151,16-20,College,No,Low,0
152,11-15,School,No,High,2
153,6-10,School,No,Moderate,1
154,21-25,University,No,Low,0
155,21-25,University,No,Low,0
156,1-5,School,No,Low,0
157,26-30,University,No,High,2
158,1-5,School,No,Moderate,1
159,21-25,University,Yes,Moderate,1
160,21-25,University,Yes,Low,0
161,21-25,University,Yes,High,2
162,16-20,University,No,Moderate,1
163,6-10,School,No,Low,0
164,16-20,College,No,Low,0
165,11-15,School,No,Moderate,1
166,21-25,College,Yes,Low,0
167,26-30,University,No,High,2
168,11-15,School,No,Moderate,1
169,16-20,College,Yes,Low,0
170,21-25,University,Yes,Moderate,1
171,26-30,University,No,Low,0
172,16-20,College,No,Low,0
173,21-25,University,Yes,High,2
174,11-15,School,No,Moderate,1
175,21-25,University,No,Low,0
176,11-15,School,No,Moderate,1
177,16-20,College,Yes,Low,0
178,16-20,University,No,Low,0
179,16-20,School,No,Low,0
180,11-15,School,No,Moderate,1
181,1-5,School,No,Low,0
182,1-5,School,No,Moderate,1
183,21-25,University,No,Moderate,1
184,16-20,College,No,Low,0
185,11-15,School,No,Low,0
186,11-15,School,No,Moderate,1
187,21-25,University,No,Low,0
188,11-15,School,No,Moderate,1
189,21-25,University,No,Moderate,1
190,11-15,School,No,Low,0
191,21-25,University,Yes,Moderate,1
192,21-25,University,Yes,Moderate,1
193,16-20,School,No,Low,0
194,16-20,College,No,Low,0
195,21-25,University,Yes,Low,0
196,16-20,College,No,Low,0
197,11-15,School,No,Moderate,1
198,11-15,School,No,Moderate,1
199,11-15,School,No,Low,0
200,6-10,School,No,Low,0
201,11-15,School,No,Low,0
202,11-15,School,No,Low,0
203,21-25,University,Yes,Moderate,1
204,11-15,School,No,Low,0
205,11-15,School,No,High,2
206,26-30,University,No,Moderate,1
207,11-15,School,No,Low,0
208,26-30,University,No,Low,0
209,21-25,University,Yes,Low,0
210,11-15,School,No,Low,0
211,16-20,School,No,High,2
212,16-20,College,No,Low,0
213,16-20,College,No,Moderate,1
214,21-25,College,No,Moderate,1
215,16-20,School,No,Moderate,1
216,11-15,School,No,Moderate,1
217,16-20,School,No,Low,0
218,21-25,University,No,Low,0
219,11-15,School,No,Low,0
220,21-25,University,Yes,Moderate,1
221,11-15,School,No,Moderate,1
222,11-15,School,No,Moderate,1
223,11-15,School,No,Moderate,1
224,21-25,University,No,Low,0
225,11-15,School,No,Moderate,1
226,21-25,University,Yes,Moderate,1
227,1-5,School,No,Low,0
228,11-15,School,No,Moderate,1
229,11-15,School,No,Moderate,1
230,11-15,School,No,Moderate,1
231,21-25,University,Yes,Moderate,1
232,16-20,School,No,Low,0
233,11-15,School,No,High,2
234,21-25,University,Yes,Moderate,1
235,21-25,University,Yes,Moderate,1
236,21-25,University,No,Moderate,1
237,26-30,University,No,Low,0
238,21-25,University,No,Moderate,1
239,21-25,University,No,Low,0
240,21-25,University,No,Low,0
241,11-15,School,No,Moderate,1
242,11-15,School,No,Moderate,1
243,16-20,College,No,Moderate,1
244,11-15,School,No,Low,0
245,1-5,School,No,Moderate,1
246,21-25,University,Yes,Moderate,1
247,11-15,School,No,Low,0
248,21-25,University,Yes,Moderate,1
249,21-25,University,Yes,Moderate,1
250,21-25,University,No,Moderate,1
251,16-20,College,No,Low,0
252,16-20,College,No,Low,0
253,21-25,University,No,Low,0
254,11-15,School,No,Moderate,1
255,11-15,School,No,Moderate,1
256,16-20,College,No,Moderate,1
257,21-25,University,No,Moderate,1
258,11-15,School,No,Low,0
259,26-30,University,No,High,2
260,11-15,School,No,Low,0
261,21-25,University,Yes,Low,0
262,16-20,College,No,Moderate,1
263,1-5,School,No,Low,0
264,16-20,College,No,Low,0
265,1-5,School,No,Moderate,1
266,16-20,College,No,Moderate,1
267,16-20,University,Yes,Low,0
268,16-20,College,No,Moderate,1
269,21-25,University,Yes,High,2
270,11-15,School,No,Moderate,1
271,21-25,University,No,Moderate,1
272,11-15,School,No,Moderate,1
273,11-15,School,No,Moderate,1
274,6-10,School,No,Low,0
275,11-15,School,No,Moderate,1
276,16-20,University,No,Low,0
277,21-25,University,No,Low,0
278,21-25,University,Yes,Low,0
279,11-15,School,No,Low,0
280,26-30,University,No,Low,0
281,16-20,College,No,Low,0
282,21-25,University,No,Low,0
283,21-25,University,Yes,High,2
284,21-25,University,Yes,Moderate,1
285,21-25,College,No,Low,0
286,21-25,University,Yes,Moderate,1
287,11-15,School,No,Low,0
288,11-15,School,No,Low,0
289,11-15,School,No,Moderate,1
290,11-15,School,No,Moderate,1
291,11-15,School,No,Moderate,1
292,1-5,School,No,Moderate,1
293,21-25,University,Yes,Moderate,1
294,1-5,School,Yes,Low,0
295,11-15,School,No,Moderate,1
296,21-25,University,No,High,2
297,16-20,College,No,Moderate,1
298,11-15,School,No,Moderate,1
299,11-15,School,No,Moderate,1
300,21-25,University,No,High,2
301,21-25,University,Yes,Moderate,1
302,1-5,School,No,Low,0
303,1-5,School,No,Moderate,1
304,21-25,University,No,Moderate,1
305,16-20,School,No,Low,0
306,16-20,College,Yes,Moderate,1
307,11-15,School,No,Moderate,1
308,21-25,University,No,Moderate,1
309,21-25,University,Yes,Moderate,1
310,1-5,School,No,Moderate,1
311,16-20,College,No,Low,0
312,11-15,School,No,Moderate,1
313,11-15,School,No,Moderate,1
314,16-20,College,No,Moderate,1
315,11-15,School,No,Low,0
316,21-25,University,No,Moderate,1
317,21-25,University,No,Low,0
318,16-20,College,No,Low,0
319,11-15,School,No,Low,0
320,11-15,School,No,Moderate,1
321,21-25,University,No,Low,0
322,1-5,School,No,Moderate,1
323,11-15,School,No,Low,0
324,16-20,College,Yes,Low,0
325,21-25,University,No,Moderate,1
326,1-5,School,No,Moderate,1
327,11-15,School,No,Moderate,1
328,21-25,University,No,Moderate,1
329,21-25,College,No,Low,0
330,11-15,School,No,Moderate,1
331,21-25,University,No,Low,0
332,21-25,University,No,Low,0
333,21-25,University,Yes,Moderate,1
334,16-20,College,No,Moderate,1
335,21-25,University,Yes,Moderate,1
336,21-25,University,No,Low,0
337,16-20,College,No,Low,0
338,11-15,School,No,Moderate,1
339,26-30,University,No,Low,0
340,1-5,School,No,Moderate,1
341,21-25,College,No,Moderate,1
342,11-15,School,No,Moderate,1
343,16-20,School,No,Moderate,1
344,21-25,University,Yes,Low,0
345,21-25,University,Yes,Moderate,1
346,26-30,University,No,Low,0
347,6-10,School,No,Moderate,1
348,11-15,School,No,Low,0
349,11-15,School,No,Moderate,1
350,1-5,School,No,Moderate,1
351,26-30,University,No,Low,0
352,16-20,College,No,Moderate,1
353,21-25,University,Yes,Moderate,1
354,11-15,School,No,Moderate,1
355,16-20,College,No,Low,0
356,16-20,College,No,Moderate,1
357,11-15,School,No,Moderate,1
358,6-10,School,No,Moderate,1
359,11-15,School,No,Moderate,1
360,11-15,School,No,Moderate,1
361,6-10,School,No,High,2
362,21-25,University,No,Low,0
363,11-15,School,No,Moderate,1
364,21-25,University,Yes,Low,0
365,21-25,University,No,High,2
366,16-20,College,No,Low,0
367,11-15,School,No,Moderate,1
368,16-20,College,No,Moderate,1
369,16-20,School,No,Low,0
370,16-20,School,No,Moderate,1
371,21-25,University,Yes,Moderate,1
372,16-20,University,Yes,Low,0
373,26-30,University,Yes,Moderate,1
374,21-25,College,No,Moderate,1
375,6-10,School,No,Low,0
376,11-15,School,No,Low,0
377,21-25,University,Yes,Moderate,1
378,1-5,School,No,Moderate,1
379,26-30,University,No,Low,0
380,11-15,School,No,Low,0
381,21-25,University,No,Moderate,1
382,11-15,School,No,Low,0
383,21-25,University,Yes,Moderate,1
384,16-20,College,Yes,Moderate,1
385,21-25,University,No,Moderate,1
386,11-15,School,No,Moderate,1
387,11-15,School,No,Moderate,1
388,26-30,University,Yes,Moderate,1
389,11-15,School,No,Low,0
390,16-20,College,No,High,2
391,11-15,School,No,Moderate,1
392,16-20,College,No,Low,0
393,26-30,University,No,Low,0
394,16-20,School,No,Low,0
395,21-25,University,No,Low,0
396,21-25,University,No,Low,0
397,21-25,University,No,Low,0
398,21-25,University,Yes,High,2
399,26-30,University,No,Low,0
400,16-20,School,No,Moderate,1
401,16-20,College,Yes,Moderate,1
402,26-30,University,No,Low,0
403,16-20,College,No,Moderate,1
404,21-25,University,No,Low,0
405,26-30,University,No,Low,0
406,21-25,University,Yes,High,2
407,1-5,School,No,Moderate,1
408,11-15,School,No,Moderate,1
409,26-30,University,No,High,2
410,21-25,University,Yes,High,2
411,21-25,University,Yes,High,2
412,21-25,University,No,Moderate,1
413,16-20,College,No,Low,0
414,1-5,School,No,Moderate,1
415,26-30,University,No,Low,0
416,16-20,College,No,Low,0
417,26-30,University,Yes,Moderate,1
418,16-20,University,Yes,Moderate,1
419,16-20,University,Yes,Low,0
420,11-15,School,No,Moderate,1
421,6-10,School,No,Moderate,1
422,11-15,School,No,Moderate,1
423,16-20,College,No,Low,0
424,1-5,School,No,Low,0
425,26-30,University,No,Low,0
426,21-25,University,Yes,Moderate,1
427,21-25,University,Yes,High,2
428,11-15,School,No,Low,0
429,11-15,School,No,Low,0
430,21-25,University,No,Moderate,1
431,26-30,University,No,Low,0
432,11-15,School,No,High,2
433,21-25,University,No,Low,0
434,21-25,University,Yes,Moderate,1
435,21-25,University,No,Low,0
436,26-30,University,No,Low,0
437,21-25,University,No,Moderate,1
438,11-15,School,No,Low,0
439,16-20,College,Yes,Moderate,1
440,21-25,University,Yes,Moderate,1
441,16-20,College,No,Moderate,1
442,26-30,University,No,Low,0
443,11-15,School,No,Moderate,1
444,11-15,School,No,Low,0
445,21-25,University,Yes,Moderate,1
446,21-25,College,No,Low,0
447,21-25,University,Yes,High,2
448,21-25,University,No,Low,0
449,11-15,School,No,Moderate,1
450,11-15,School,No,Moderate,1
451,21-25,University,No,High,2
452,1-5,School,No,Low,0
453,16-20,School,No,Low,0
454,21-25,University,No,Moderate,1
455,21-25,University,No,Low,0
456,11-15,School,No,Moderate,1
457,21-25,University,No,Low,0
458,21-25,University,No,Low,0
459,21-25,University,No,Moderate,1
460,11-15,School,No,Moderate,1
461,21-25,University,Yes,High,2
462,21-25,University,Yes,High,2
463,21-25,University,Yes,High,2
464,11-15,School,No,High,2
465,21-25,University,Yes,Moderate,1
466,21-25,College,Yes,Low,0
467,11-15,School,No,Low,0
468,16-20,College,No,Moderate,1
469,21-25,University,Yes,Low,0
470,21-25,University,Yes,Moderate,1
471,21-25,University,Yes,Low,0
472,11-15,School,No,Low,0
473,21-25,University,No,Moderate,1
474,16-20,College,No,Moderate,1
475,11-15,School,No,Low,0
476,21-25,University,Yes,High,2
477,11-15,School,No,Moderate,1
478,11-15,School,No,Low,0
479,26-30,University,Yes,Moderate,1
480,16-20,College,No,Moderate,1
481,21-25,University,No,Low,0
482,11-15,School,No,Low,0
483,16-20,College,No,Low,0
484,21-25,College,No,Moderate,1
485,16-20,School,No,Moderate,1
486,21-25,University,No,Moderate,1
487,21-25,University,Yes,Moderate,1
488,21-25,University,No,Low,0
489,11-15,School,No,Moderate,1
490,21-25,University,Yes,High,2
491,11-15,School,No,Moderate,1
492,16-20,College,No,Low,0
493,21-25,University,No,High,2
494,21-25,University,No,Low,0
495,16-20,College,No,Low,0
496,11-15,School,No,Low,0
497,21-25,University,Yes,Moderate,1
498,21-25,University,No,Moderate,1
499,21-25,University,Yes,Moderate,1
500,16-20,College,No,Low,0
501,16-20,College,No,Low,0
502,16-20,College,No,Low,0
503,21-25,University,Yes,Low,0
504,16-20,College,No,Low,0
505,16-20,College,No,Low,0
506,6-10,School,No,High,2
507,21-25,University,No,Moderate,1
508,16-20,College,No,Low,0
509,11-15,School,No,Moderate,1
510,16-20,School,No,Low,0
511,21-25,University,No,Moderate,1
512,16-20,College,No,Low,0
513,1-5,School,No,Moderate,1
514,11-15,School,No,Low,0
515,16-20,College,No,Moderate,1
516,21-25,University,No,Low,0
517,21-25,University,Yes,High,2
518,21-25,University,No,Low,0
519,21-25,University,No,Moderate,1
520,16-20,College,No,Low,0
521,11-15,School,No,Low,0
522,11-15,School,No,Low,0
523,21-25,University,Yes,Moderate,1
524,21-25,University,No,Low,0
525,21-25,University,No,Moderate,1
526,21-25,University,Yes,Moderate,1
527,21-25,University,No,Moderate,1
528,16-20,College,No,Moderate,1
529,11-15,School,No,Moderate,1
530,21-25,University,No,Moderate,1
531,16-20,College,No,Low,0
532,21-25,University,No,Low,0
533,11-15,School,No,Moderate,1
534,16-20,School,No,Moderate,1
535,16-20,University,Yes,Moderate,1
536,11-15,School,No,Moderate,1
537,11-15,School,No,Low,0
538,11-15,School,No,Low,0
539,11-15,School,No,Moderate,1
540,16-20,School,No,Moderate,1
541,11-15,School,No,Moderate,1
542,1-5,School,No,Moderate,1
543,16-20,College,No,Moderate,1
544,11-15,School,No,Moderate,1
545,1-5,School,No,Moderate,1
546,6-10,School,No,High,2
547,11-15,School,No,Moderate,1
548,16-20,College,No,Low,0
549,26-30,University,Yes,Moderate,1
550,21-25,University,Yes,Moderate,1
551,16-20,College,No,Low,0
552,16-20,College,No,Moderate,1
553,11-15,School,No,Moderate,1
554,21-25,University,Yes,Moderate,1
555,11-15,School,No,Moderate,1
556,26-30,University,No,Low,0
557,21-25,University,No,Moderate,1
558,21-25,College,No,Low,0
559,1-5,School,No,Moderate,1
560,6-10,School,No,High,2
561,1-5,School,No,Moderate,1
562,11-15,School,No,Moderate,1
563,21-25,University,No,Low,0
564,21-25,University,No,Low,0
565,21-25,University,No,Moderate,1
566,26-30,University,No,Low,0
567,11-15,School,No,Moderate,1
568,16-20,College,No,Moderate,1
569,11-15,School,No,Moderate,1
570,26-30,University,No,Moderate,1
571,11-15,School,No,Moderate,1
572,21-25,University,Yes,High,2
573,11-15,School,No,Low,0
574,16-20,College,No,Low,0
575,21-25,University,No,Low,0
576,11-15,School,No,Low,0
577,21-25,University,No,Low,0
578,21-25,University,Yes,Moderate,1
579,16-20,College,No,Moderate,1
580,21-25,University,No,Low,0
581,21-25,University,No,Low,0
582,16-20,College,No,Low,0
583,16-20,College,No,Moderate,1
584,21-25,University,Yes,High,2
585,21-25,University,Yes,Low,0
586,11-15,School,No,Low,0
587,21-25,University,No,Moderate,1
588,21-25,University,No,Low,0
589,16-20,College,No,Moderate,1
590,16-20,School,No,Moderate,1
591,21-25,University,No,Low,0
592,26-30,University,No,High,2
593,21-25,University,Yes,Low,0
594,11-15,School,No,Moderate,1
595,16-20,College,No,Low,0
596,26-30,University,Yes,Moderate,1
597,21-25,University,No,Moderate,1
598,11-15,School,No,Moderate,1
599,26-30,University,No,Low,0
600,1-5,School,Yes,Low,0
601,21-25,University,No,Low,0
602,21-25,University,No,Moderate,1
603,21-25,College,No,Low,0
604,21-25,University,No,Moderate,1
605,21-25,University,No,Moderate,1
606,11-15,School,No,High,2
607,16-20,College,No,Low,0
608,11-15,School,No,Moderate,1
609,1-5,School,No,Low,0
610,11-15,School,No,Low,0
611,11-15,School,No,Moderate,1
612,21-25,University,No,Moderate,1
613,21-25,University,No,Low,0
614,11-15,School,No,Low,0
615,6-10,School,No,High,2
616,1-5,School,No,Moderate,1
617,6-10,School,No,Low,0
618,21-25,University,No,Low,0
619,21-25,University,No,High,2
620,11-15,School,No,High,2
621,21-25,University,Yes,Moderate,1
622,21-25,University,Yes,Moderate,1
623,11-15,School,No,Moderate,1
624,1-5,School,No,Low,0
625,11-15,School,No,Low,0
626,16-20,College,No,Low,0
627,11-15,School,No,High,2
628,6-10,School,No,High,2
629,26-30,University,No,Moderate,1
630,11-15,School,No,Moderate,1
631,16-20,College,No,Moderate,1
632,21-25,University,No,Moderate,1
633,16-20,University,No,Low,0
634,21-25,University,Yes,Low,0
635,11-15,School,No,Moderate,1
636,26-30,University,No,Low,0
637,1-5,School,No,Moderate,1
638,1-5,School,No,Moderate,1
639,11-15,School,No,Moderate,1
640,11-15,School,No,High,2
641,11-15,School,No,Moderate,1
642,16-20,College,No,Low,0
643,6-10,School,No,High,2
644,11-15,School,No,Low,0
645,11-15,School,No,Moderate,1
646,26-30,University,No,Low,0
647,26-30,University,No,Moderate,1
648,21-25,University,Yes,High,2
649,16-20,School,No,Moderate,1
650,11-15,School,No,Low,0
651,26-30,University,No,Moderate,1
652,16-20,College,No,Low,0
653,21-25,University,No,Low,0
654,21-25,University,Yes,Low,0
655,11-15,School,No,Moderate,1
656,11-15,School,No,High,2
657,16-20,College,No,Low,0
658,16-20,University,No,Low,0
659,16-20,University,Yes,Low,0
660,11-15,School,No,Moderate,1
661,1-5,School,No,Moderate,1
662,11-15,School,No,Low,0
663,11-15,School,No,Moderate,1
664,21-25,University,No,Moderate,1
665,16-20,University,Yes,Moderate,1
666,11-15,School,No,Low,0
667,11-15,School,No,Moderate,1
668,26-30,University,No,Low,0
669,11-15,School,No,Moderate,1
670,16-20,College,No,Low,0
671,21-25,University,No,Low,0
672,16-20,School,No,Low,0
673,21-25,University,No,Moderate,1
674,16-20,University,Yes,Low,0
675,21-25,University,No,Moderate,1
676,21-25,University,Yes,Moderate,1
677,1-5,School,No,Low,0
678,1-5,School,No,Moderate,1
679,21-25,University,No,Moderate,1
680,21-25,University,No,Low,0
681,6-10,School,No,High,2
682,21-25,University,No,Moderate,1
683,26-30,University,Yes,Moderate,1
684,11-15,School,No,Low,0
685,16-20,College,No,Low,0
686,11-15,School,No,Moderate,1
687,21-25,University,No,Low,0
688,16-20,School,No,Moderate,1
689,21-25,University,Yes,High,2
690,26-30,University,No,Moderate,1
691,11-15,School,No,Moderate,1
692,21-25,University,Yes,Moderate,1
693,1-5,School,No,Moderate,1
694,21-25,University,Yes,Low,0
695,11-15,School,No,Moderate,1
696,6-10,School,No,Low,0
697,21-25,University,Yes,Low,0
698,1-5,School,No,Moderate,1
699,16-20,College,No,Low,0
700,1-5,School,No,Moderate,1
701,16-20,College,No,Low,0
702,11-15,School,No,Low,0
703,1-5,School,Yes,Low,0
704,11-15,School,No,Low,0
705,21-25,University,Yes,Moderate,1
706,16-20,College,No,Moderate,1
707,1-5,School,No,Moderate,1
708,21-25,University,Yes,Moderate,1
709,16-20,College,No,Moderate,1
710,16-20,College,No,Low,0
711,21-25,College,No,Low,0
712,16-20,College,Yes,Low,0
713,11-15,School,No,Moderate,1
714,26-30,University,No,Low,0
715,11-15,School,No,Low,0
716,11-15,School,No,High,2
717,26-30,University,No,Low,0
718,11-15,School,No,Moderate,1
719,21-25,University,Yes,Moderate,1
720,1-5,School,No,Moderate,1
721,16-20,College,No,Moderate,1
722,21-25,University,Yes,Moderate,1
723,11-15,School,No,Low,0
724,16-20,College,No,Low,0
725,16-20,School,No,Moderate,1
726,16-20,University,Yes,Moderate,1
727,11-15,School,No,Moderate,1
728,11-15,School,No,Low,0
729,1-5,School,No,Moderate,1
730,21-25,University,Yes,Moderate,1
731,16-20,University,Yes,Moderate,1
732,11-15,School,No,Moderate,1
733,21-25,University,Yes,High,2
734,1-5,School,No,Moderate,1
735,11-15,School,No,High,2
736,16-20,School,No,Low,0
737,21-25,University,No,Moderate,1
738,1-5,School,No,Moderate,1
739,26-30,University,No,Low,0
740,16-20,College,Yes,Moderate,1
741,11-15,School,No,Moderate,1
742,21-25,University,No,Low,0
743,16-20,University,No,Low,0
744,16-20,College,No,Moderate,1
745,21-25,University,No,Low,0
746,16-20,College,Yes,Moderate,1
747,16-20,School,No,Moderate,1
748,21-25,University,Yes,High,2
749,21-25,University,Yes,Moderate,1
750,11-15,School,No,Moderate,1
751,21-25,University,No,Moderate,1
752,11-15,School,No,Moderate,1
753,21-25,University,No,Low,0
754,21-25,University,No,Moderate,1
755,11-15,School,No,Low,0
756,16-20,University,Yes,Moderate,1
757,21-25,University,No,Low,0
758,1-5,School,No,Moderate,1
759,21-25,College,No,Low,0
760,16-20,College,No,Low,0
761,21-25,University,No,Low,0
762,21-25,University,No,Moderate,1
763,16-20,University,No,Low,0
764,21-25,University,No,Moderate,1
765,11-15,School,No,Moderate,1
766,16-20,School,No,Low,0
767,11-15,School,No,Moderate,1
768,16-20,College,No,Moderate,1
769,16-20,College,No,High,2
770,11-15,School,No,Moderate,1
771,21-25,University,No,Moderate,1
772,21-25,University,Yes,Low,0
773,16-20,College,No,Low,0
774,21-25,University,No,Low,0
775,16-20,College,No,Moderate,1
776,11-15,School,No,Moderate,1
777,21-25,University,No,Low,0
778,6-10,School,No,Low,0
779,1-5,School,No,Moderate,1
780,21-25,University,Yes,Moderate,1
781,11-15,School,No,Moderate,1
782,11-15,School,No,Low,0
783,21-25,University,No,Moderate,1
784,21-25,University,Yes,Low,0
785,21-25,University,No,Moderate,1
786,16-20,College,No,Low,0
787,16-20,College,No,Moderate,1
788,6-10,School,No,High,2
789,21-25,University,No,Moderate,1
790,26-30,University,No,Low,0
791,11-15,School,No,Moderate,1
792,11-15,School,No,Low,0
793,11-15,School,No,Low,0
794,21-25,University,No,Low,0
795,16-20,College,No,Moderate,1
796,21-25,University,Yes,Moderate,1
797,21-25,University,No,Moderate,1
798,1-5,School,No,Moderate,1
799,21-25,University,No,Moderate,1
800,16-20,University,No,Moderate,1
801,11-15,School,No,Moderate,1
802,11-15,School,No,Low,0
803,1-5,School,No,Moderate,1
804,21-25,University,Yes,Low,0
805,6-10,School,No,Low,0
806,11-15,School,No,Moderate,1
807,11-15,School,No,Moderate,1
808,21-25,University,No,Moderate,1
809,21-25,University,No,Moderate,1
810,26-30,University,No,High,2
811,16-20,College,No,Moderate,1
812,16-20,College,No,Moderate,1
813,21-25,University,No,Low,0
814,11-15,School,No,High,2
815,11-15,School,No,Low,0
816,16-20,School,No,Moderate,1
817,11-15,School,No,Low,0
818,16-20,College,No,Low,0
819,11-15,School,No,Low,0
820,1-5,School,No,Moderate,1
821,6-10,School,No,Moderate,1
822,11-15,School,No,High,2
823,21-25,University,No,Moderate,1
824,16-20,University,No,Low,0
825,11-15,School,No,Moderate,1
826,21-25,University,No,Moderate,1
827,21-25,University,Yes,Moderate,1
828,21-25,University,Yes,Moderate,1
829,16-20,School,No,Moderate,1
830,16-20,College,No,Low,0
831,11-15,School,No,Low,0
832,11-15,School,No,Moderate,1
833,11-15,School,No,Moderate,1
834,21-25,University,Yes,Low,0
835,11-15,School,No,Moderate,1
836,1-5,School,No,Moderate,1
837,16-20,College,No,Moderate,1
838,21-25,University,No,Moderate,1
839,6-10,School,No,Low,0
840,1-5,School,No,Moderate,1
841,16-20,College,No,High,2
842,11-15,School,No,Low,0
843,16-20,University,Yes,Moderate,1
844,11-15,School,No,High,2
845,11-15,School,No,Moderate,1
846,21-25,University,No,Moderate,1
847,16-20,College,No,Low,0
848,6-10,School,No,High,2
849,11-15,School,No,Moderate,1
850,11-15,School,No,Moderate,1
851,16-20,College,No,Low,0
852,11-15,School,No,Moderate,1
853,11-15,School,No,Low,0
854,16-20,School,No,Low,0
855,21-25,College,No,Low,0
856,11-15,School,No,Low,0
857,16-20,College,No,Moderate,1
858,26-30,University,No,Moderate,1
859,16-20,College,No,Low,0
860,21-25,University,No,Low,0
861,21-25,University,No,Moderate,1
862,26-30,University,No,Low,0
863,6-10,School,No,Low,0
864,21-25,University,No,Low,0
865,1-5,School,No,Moderate,1
866,11-15,School,No,Low,0
867,16-20,University,Yes,Moderate,1
868,11-15,School,No,Moderate,1
869,6-10,School,No,Moderate,1
870,16-20,College,No,Moderate,1
871,21-25,University,No,Moderate,1
872,16-20,School,No,Moderate,1
873,16-20,School,No,Low,0
874,16-20,College,No,Moderate,1
875,21-25,University,Yes,Moderate,1
876,11-15,School,No,Moderate,1
877,16-20,College,No,Low,0
878,11-15,School,No,Low,0
879,11-15,School,No,Moderate,1
880,21-25,University,No,Moderate,1
881,11-15,School,No,Low,0
882,11-15,School,No,Low,0
883,11-15,School,No,Moderate,1
884,21-25,University,No,Moderate,1
885,16-20,School,No,Moderate,1
886,1-5,School,No,Moderate,1
887,21-25,University,Yes,Moderate,1
888,16-20,University,Yes,Moderate,1
889,26-30,University,No,Moderate,1
890,16-20,University,Yes,Moderate,1
891,16-20,College,No,Moderate,1
892,11-15,School,No,Moderate,1
893,11-15,School,No,Moderate,1
894,6-10,School,No,Low,0
895,21-25,University,Yes,Moderate,1
896,21-25,University,No,Low,0
897,16-20,School,No,Moderate,1
898,21-25,University,No,Low,0
899,21-25,University,No,Moderate,1
900,16-20,College,No,Moderate,1
901,21-25,University,Yes,Moderate,1
902,11-15,School,No,Low,0
903,16-20,College,Yes,Moderate,1
904,11-15,School,No,High,2
905,6-10,School,No,High,2
906,11-15,School,No,Low,0
907,1-5,School,No,Moderate,1
908,6-10,School,No,Moderate,1
909,11-15,School,No,Low,0
910,11-15,School,No,Moderate,1
911,16-20,University,Yes,Low,0
912,21-25,College,No,Moderate,1
913,1-5,School,No,Moderate,1
914,6-10,School,No,Low,0
915,21-25,College,No,Moderate,1
916,1-5,School,No,Moderate,1
917,26-30,University,No,Moderate,1
918,21-25,University,Yes,High,2
919,11-15,School,No,Moderate,1
920,11-15,School,No,Moderate,1
921,11-15,School,No,Moderate,1
922,21-25,University,No,Moderate,1
923,16-20,College,No,Low,0
924,21-25,University,Yes,High,2
925,21-25,College,No,Moderate,1
926,21-25,University,No,Low,0
927,1-5,School,No,Moderate,1
928,6-10,School,No,Low,0
929,11-15,School,No,Moderate,1
930,11-15,School,No,Moderate,1
931,11-15,School,No,Moderate,1
932,11-15,School,No,Low,0
933,21-25,University,No,Moderate,1
934,6-10,School,No,Low,0
935,16-20,College,Yes,Moderate,1
936,21-25,University,No,High,2
937,11-15,School,No,Low,0
938,11-15,School,No,Moderate,1
939,6-10,School,No,High,2
940,11-15,School,No,Low,0
941,21-25,University,No,Low,0
942,16-20,College,No,Low,0
943,11-15,School,No,High,2
944,21-25,University,Yes,Moderate,1
945,16-20,College,No,Moderate,1
946,16-20,College,No,Moderate,1
947,1-5,School,No,Moderate,1
948,16-20,College,No,Low,0
949,21-25,University,No,Moderate,1
950,21-25,University,No,Low,0
951,21-25,University,No,Low,0
952,16-20,College,Yes,Moderate,1
953,16-20,School,No,Moderate,1
954,6-10,School,No,High,2
955,11-15,School,No,Low,0
956,11-15,School,No,High,2
957,21-25,University,No,Moderate,1
958,6-10,School,No,Low,0
959,21-25,University,No,Moderate,1
960,16-20,University,Yes,Low,0
961,21-25,University,No,Moderate,1
962,21-25,University,Yes,High,2
963,21-25,University,No,Moderate,1
964,16-20,College,No,Moderate,1
965,16-20,College,No,Moderate,1
966,21-25,University,No,Low,0
967,21-25,University,No,Low,0
968,1-5,School,No,Moderate,1
969,26-30,University,No,Moderate,1
970,11-15,School,No,Moderate,1
971,11-15,School,No,Low,0
972,26-30,University,No,Low,0
973,16-20,School,No,Moderate,1
974,21-25,University,Yes,Low,0
975,11-15,School,No,Moderate,1
976,16-20,College,No,Moderate,1
977,6-10,School,No,Low,0
978,6-10,School,No,Low,0
979,1-5,School,No,Moderate,1
980,11-15,School,No,Moderate,1
981,1-5,School,No,Moderate,1
982,21-25,University,No,Low,0
983,16-20,College,Yes,Moderate,1
984,21-25,College,No,Low,0
985,11-15,School,No,Moderate,1
986,11-15,School,No,Moderate,1
987,11-15,School,No,High,2
988,21-25,University,No,Low,0
989,26-30,University,No,Low,0
990,21-25,University,No,Low,0
991,11-15,School,No,Low,0
992,16-20,College,No,Low,0
993,16-20,University,Yes,Low,0
994,11-15,School,No,Low,0
995,16-20,School,No,High,2
996,21-25,University,No,Low,0
997,1-5,School,No,Moderate,1
998,11-15,School,No,Low,0
999,16-20,University,No,Moderate,1
1000,11-15,School,No,Low,0
1001,16-20,College,No,Moderate,1
1002,21-25,University,Yes,Moderate,1
1003,11-15,School,No,Moderate,1
1004,11-15,School,No,Moderate,1
1005,11-15,School,No,Moderate,1
1006,21-25,University,No,Moderate,1
1007,21-25,University,Yes,Moderate,1
1008,1-5,School,No,Moderate,1
1009,11-15,School,No,Low,0
1010,21-25,University,Yes,Moderate,1
1011,11-15,School,No,Moderate,1
1012,21-25,University,No,Low,0
1013,26-30,University,No,Low,0
1014,16-20,College,No,Low,0
1015,16-20,College,No,Moderate,1
1016,16-20,College,No,Low,0
1017,1-5,School,No,Moderate,1
1018,16-20,College,No,Low,0
1019,11-15,School,No,Moderate,1
1020,21-25,University,No,Moderate,1
1021,21-25,University,Yes,Moderate,1
1022,11-15,School,No,Moderate,1
1023,21-25,University,No,Low,0
1024,21-25,University,No,Moderate,1
1025,26-30,University,No,High,2
1026,11-15,School,No,Low,0
1027,16-20,School,No,Low,0
1028,16-20,College,No,Low,0
1029,16-20,College,No,Moderate,1
1030,11-15,School,No,Low,0
1031,6-10,School,No,High,2
1032,16-20,College,No,Low,0
1033,11-15,School,No,High,2
1034,21-25,University,No,Moderate,1
1035,21-25,University,No,Low,0
1036,1-5,School,No,Low,0
1037,21-25,University,Yes,Moderate,1
1038,16-20,College,No,Low,0
1039,11-15,School,No,High,2
1040,11-15,School,No,Low,0
1041,21-25,University,No,Moderate,1
1042,21-25,University,Yes,Moderate,1
1043,21-25,University,No,Low,0
1044,16-20,College,No,Moderate,1
1045,21-25,University,No,Low,0
1046,21-25,University,No,Moderate,1
1047,1-5,School,No,Moderate,1
1048,11-15,School,No,Moderate,1
1049,11-15,School,No,Moderate,1
1050,11-15,School,No,Moderate,1
1051,21-25,University,Yes,Moderate,1
1052,11-15,School,No,Moderate,1
1053,11-15,School,No,Low,0
1054,1-5,School,No,Low,0
1055,11-15,School,No,Low,0
1056,21-25,University,No,Moderate,1
1057,16-20,College,No,Low,0
1058,21-25,University,No,Moderate,1
1059,11-15,School,No,Low,0
1060,26-30,University,No,Low,0
1061,21-25,University,Yes,Moderate,1
1062,21-25,University,No,Moderate,1
1063,16-20,College,No,Moderate,1
1064,11-15,School,No,Moderate,1
1065,26-30,University,No,High,2
1066,11-15,School,No,Low,0
1067,21-25,University,No,Low,0
1068,21-25,University,Yes,Moderate,1
1069,21-25,University,Yes,Moderate,1
1070,16-20,University,No,Moderate,1
1071,11-15,School,No,High,2
1072,11-15,School,No,High,2
1073,21-25,University,Yes,Low,0
1074,11-15,School,No,Moderate,1
1075,21-25,University,Yes,Low,0
1076,11-15,School,No,High,2
1077,16-20,College,No,Moderate,1
1078,11-15,School,No,Moderate,1
1079,16-20,College,No,Low,0
1080,16-20,College,Yes,Low,0
1081,16-20,College,No,Moderate,1
1082,21-25,University,No,Moderate,1
1083,11-15,School,No,Moderate,1
1084,16-20,University,Yes,Moderate,1
1085,6-10,School,No,Moderate,1
1086,16-20,College,No,Low,0
1087,21-25,University,No,Moderate,1
1088,21-25,University,No,Low,0
1089,16-20,College,No,Low,0
1090,11-15,School,No,Moderate,1
1091,11-15,School,No,Low,0
1092,16-20,College,Yes,Low,0
1093,16-20,School,No,Moderate,1
1094,16-20,College,No,Low,0
1095,21-25,University,No,High,2
1096,21-25,University,Yes,Moderate,1
1097,21-25,University,No,Low,0
1098,16-20,College,No,Moderate,1
1099,11-15,School,No,Moderate,1
1100,11-15,School,No,Low,0
1101,11-15,School,No,Moderate,1
1102,16-20,College,No,Moderate,1
1103,11-15,School,No,Moderate,1
1104,11-15,School,No,Moderate,1
1105,16-20,School,No,Moderate,1
1106,6-10,School,No,High,2
1107,11-15,School,No,Moderate,1
1108,6-10,School,No,Low,0
1109,11-15,School,No,Moderate,1
1110,16-20,College,Yes,Moderate,1
1111,16-20,College,No,Moderate,1
1112,11-15,School,No,Low,0
1113,11-15,School,No,Low,0
1114,11-15,School,No,High,2
1115,11-15,School,No,Low,0
1116,16-20,College,No,Moderate,1
1117,21-25,University,Yes,Moderate,1
1118,16-20,College,No,Moderate,1
1119,11-15,School,No,Moderate,1
1120,11-15,School,No,Moderate,1
1121,11-15,School,No,Moderate,1
1122,16-20,School,No,Moderate,1
1123,16-20,College,Yes,Moderate,1
1124,21-25,University,No,Low,0
1125,11-15,School,No,Moderate,1
1126,21-25,University,No,Low,0
1127,6-10,School,No,Low,0
1128,11-15,School,No,Moderate,1
1129,11-15,School,No,Moderate,1
1130,11-15,School,No,Low,0
1131,16-20,College,No,Low,0
1132,16-20,College,No,Moderate,1
1133,11-15,School,No,Moderate,1
1134,16-20,College,No,Low,0
1135,16-20,University,No,Moderate,1
1136,21-25,University,No,Moderate,1
1137,21-25,University,No,Moderate,1
1138,21-25,University,Yes,Moderate,1
1139,21-25,University,No,Low,0
1140,21-25,University,Yes,Moderate,1
1141,11-15,School,No,High,2
1142,16-20,School,No,Low,0
1143,16-20,College,Yes,Low,0
1144,16-20,College,No,Low,0
1145,16-20,College,Yes,Moderate,1
1146,21-25,University,No,Moderate,1
1147,11-15,School,No,Moderate,1
1148,16-20,College,No,Moderate,1
1149,16-20,College,Yes,Low,0
1150,16-20,College,No,Low,0
1151,11-15,School,No,Low,0
1152,1-5,School,No,Moderate,1
1153,11-15,School,No,Moderate,1
1154,21-25,University,No,Low,0
1155,1-5,School,No,Moderate,1
1156,16-20,College,No,Moderate,1
1157,26-30,University,No,High,2
1158,21-25,University,No,Low,0
1159,11-15,School,No,Moderate,1
1160,21-25,University,Yes,Moderate,1
1161,11-15,School,No,Low,0
1162,16-20,University,Yes,Moderate,1
1163,11-15,School,No,Moderate,1
1164,11-15,School,No,Moderate,1
1165,21-25,University,Yes,Moderate,1
1166,11-15,School,No,Moderate,1
1167,21-25,University,No,Low,0
1168,21-25,University,Yes,Moderate,1
1169,16-20,College,Yes,Low,0
1170,21-25,University,Yes,Moderate,1
1171,26-30,University,No,High,2
1172,21-25,University,No,Low,0
1173,16-20,College,No,Low,0
1174,21-25,University,No,Moderate,1
1175,11-15,School,No,Low,0
1176,26-30,University,No,High,2
1177,6-10,School,No,Low,0
1178,11-15,School,No,Moderate,1
1179,11-15,School,No,High,2
1180,1-5,School,No,Low,0
1181,16-20,College,Yes,Low,0
1182,21-25,University,Yes,Moderate,1
1183,16-20,College,No,Low,0
1184,11-15,School,No,Moderate,1
1185,11-15,School,No,Low,0
1186,11-15,School,No,Moderate,1
1187,16-20,College,No,Low,0
1188,6-10,School,No,Moderate,1
1189,21-25,University,No,Low,0
1190,26-30,University,Yes,Moderate,1
1191,11-15,School,No,Moderate,1
1192,16-20,College,No,Low,0
1193,21-25,University,Yes,High,2
1194,11-15,School,No,Low,0
1195,21-25,University,Yes,High,2
1196,16-20,College,No,Low,0
1197,21-25,University,No,Moderate,1
1198,16-20,College,No,Low,0
1199,21-25,University,No,Low,0
1200,16-20,College,No,Low,0
1201,16-20,College,No,Moderate,1
1202,11-15,School,No,Moderate,1
1203,16-20,College,No,Low,0
1204,11-15,School,No,Moderate,1
