,Gender,Age,Location,Financial Condition,Adaptivity Level
0,Boy,21-25,Yes,Mid,Moderate
1,Girl,21-25,Yes,Mid,Moderate
2,Girl,16-20,Yes,Mid,Moderate
3,Girl,11-15,Yes,Mid,Moderate
4,Girl,16-20,Yes,Poor,Low
5,Boy,11-15,Yes,Poor,Low
6,Boy,11-15,Yes,Mid,Low
7,Boy,11-15,Yes,Mid,Moderate
8,Boy,16-20,Yes,Mid,Low
9,Boy,11-15,Yes,Mid,Moderate
10,Girl,16-20,Yes,Mid,Low
11,Girl,16-20,Yes,Mid,Low
12,Boy,11-15,Yes,Mid,Moderate
13,Girl,16-20,No,Mid,Low
14,Girl,11-15,Yes,Poor,Moderate
15,Boy,11-15,Yes,Poor,Low
16,Girl,26-30,Yes,Poor,Low
17,Girl,21-25,No,Mid,Low
18,Girl,16-20,Yes,Mid,Low
19,Girl,16-20,Yes,Mid,Moderate
20,Girl,6-10,Yes,Rich,High
21,Boy,6-10,Yes,Mid,Low
22,Girl,16-20,No,Mid,Low
23,Girl,11-15,Yes,Mid,Moderate
24,Boy,16-20,Yes,Mid,Moderate
25,Boy,11-15,Yes,Mid,Moderate
26,Girl,1-5,Yes,Mid,Moderate
27,Boy,26-30,Yes,Mid,Moderate
28,Girl,1-5,Yes,Mid,Moderate
29,Girl,16-20,Yes,Mid,Moderate
30,Girl,6-10,Yes,Mid,Moderate
31,Girl,16-20,No,Mid,Low
32,Boy,21-25,Yes,Mid,Moderate
33,Girl,16-20,Yes,Mid,Moderate
34,Boy,11-15,Yes,Poor,Low
35,Girl,21-25,Yes,Mid,Moderate
36,Girl,21-25,Yes,Mid,Moderate
37,Girl,6-10,Yes,Poor,High
38,Girl,26-30,No,Poor,Low
39,Girl,11-15,Yes,Mid,Low
40,Boy,21-25,Yes,Mid,Moderate
41,Girl,21-25,Yes,Mid,Moderate
42,Girl,16-20,Yes,Poor,Low
43,Boy,11-15,Yes,Mid,Moderate
44,Boy,21-25,Yes,Mid,Low
45,Boy,21-25,Yes,Mid,Moderate
46,Girl,1-5,Yes,Poor,Moderate
47,Girl,11-15,Yes,Mid,Moderate
48,Boy,11-15,Yes,Mid,Moderate
49,Boy,21-25,Yes,Mid,Low
50,Boy,16-20,Yes,Mid,Low
51,Girl,11-15,Yes,Mid,Moderate
52,Boy,21-25,Yes,Mid,Moderate
53,Boy,26-30,No,Poor,Moderate
54,Boy,1-5,Yes,Poor,Low
55,Girl,1-5,Yes,Mid,Moderate
56,Boy,21-25,Yes,Mid,Low
57,Girl,16-20,Yes,Mid,Low
58,Girl,11-15,No,Mid,Low
59,Boy,16-20,No,Poor,Low
60,Boy,21-25,Yes,Mid,Moderate
61,Boy,21-25,No,Mid,Low
62,Girl,16-20,Yes,Mid,Moderate
63,Boy,11-15,Yes,Mid,Moderate
64,Boy,11-15,Yes,Poor,Low
65,Boy,26-30,No,Mid,High
66,Boy,11-15,Yes,Mid,Moderate
67,Girl,6-10,No,Mid,Low
68,Girl,11-15,Yes,Mid,Low
69,Boy,11-15,Yes,Mid,Moderate
70,Boy,21-25,No,Poor,Low
71,Girl,16-20,No,Mid,Low
72,Boy,21-25,Yes,Mid,Low
73,Girl,11-15,Yes,Poor,Low
74,Boy,11-15,Yes,Mid,Moderate
75,Girl,6-10,Yes,Mid,Low
76,Girl,16-20,Yes,Mid,Moderate
77,Girl,21-25,No,Mid,Low
78,Girl,11-15,Yes,Mid,Moderate
79,Boy,11-15,Yes,Mid,Moderate
80,Boy,11-15,Yes,Poor,Low
81,Girl,11-15,Yes,Mid,Moderate
82,Boy,21-25,Yes,Mid,Moderate
83,Girl,11-15,No,Mid,Low
84,Girl,1-5,Yes,Poor,Moderate
85,Boy,11-15,Yes,Mid,Moderate
86,Boy,11-15,Yes,Mid,High
87,Girl,21-25,Yes,Mid,Moderate
88,Boy,11-15,Yes,Mid,Moderate
89,Boy,26-30,No,Poor,Low
90,Boy,21-25,No,Mid,Moderate
91,Boy,21-25,Yes,Mid,Moderate
92,Boy,21-25,Yes,Mid,Moderate
93,Boy,21-25,Yes,Poor,Low
94,Girl,1-5,Yes,Poor,Moderate
95,Girl,16-20,Yes,Mid,Moderate
96,Boy,11-15,Yes,Mid,Moderate
97,Girl,11-15,No,Poor,Low
98,Boy,21-25,Yes,Mid,Moderate
99,Boy,16-20,Yes,Mid,Low
100,Boy,11-15,Yes,Mid,Low
101,Girl,11-15,Yes,Mid,Moderate
102,Girl,16-20,No,Mid,Low
103,Boy,11-15,Yes,Mid,Moderate
104,Girl,1-5,Yes,Poor,Moderate
105,Boy,11-15,Yes,Mid,Moderate
106,Girl,11-15,Yes,Mid,Moderate
107,Girl,11-15,Yes,Mid,Moderate
108,Boy,21-25,Yes,Mid,Moderate
109,Girl,21-25,Yes,Mid,High
110,Boy,6-10,Yes,Mid,Low
111,Girl,16-20,Yes,Mid,Low
112,Boy,11-15,No,Mid,Low
113,Boy,21-25,Yes,Poor,Moderate
114,Girl,16-20,Yes,Mid,Moderate
115,Boy,21-25,Yes,Mid,Moderate
116,Boy,26-30,Yes,Mid,Low
117,Boy,21-25,Yes,Mid,Low
118,Boy,16-20,No,Poor,Moderate
119,Girl,21-25,No,Mid,Moderate
120,Girl,16-20,Yes,Mid,Moderate
121,Girl,16-20,Yes,Mid,Low
122,Boy,11-15,Yes,Mid,Moderate
123,Boy,11-15,Yes,Mid,Moderate
124,Girl,16-20,Yes,Mid,Moderate
125,Girl,11-15,Yes,Poor,Low
126,Girl,21-25,Yes,Mid,Low
127,Boy,16-20,Yes,Mid,Moderate
128,Girl,11-15,Yes,Mid,Low
129,Boy,21-25,Yes,Rich,High
130,Girl,21-25,Yes,Mid,Moderate
131,Boy,21-25,No,Mid,Low
132,Boy,21-25,No,Mid,High
133,Boy,16-20,Yes,Poor,Low
134,Boy,21-25,Yes,Mid,Moderate
135,Boy,21-25,Yes,Mid,Low
136,Girl,16-20,Yes,Poor,Low
137,Girl,21-25,Yes,Mid,Moderate
138,Girl,1-5,Yes,Poor,Moderate
139,Girl,11-15,Yes,Mid,Moderate
140,Girl,11-15,Yes,Poor,Low
141,Boy,21-25,Yes,Mid,Moderate
142,Girl,11-15,Yes,Mid,Moderate
143,Girl,16-20,No,Mid,Moderate
144,Boy,21-25,No,Poor,Low
145,Boy,21-25,Yes,Mid,Moderate
146,Boy,21-25,Yes,Poor,Moderate
147,Boy,11-15,Yes,Mid,Low
148,Girl,21-25,Yes,Poor,Low
149,Girl,21-25,No,Mid,Low
150,Girl,1-5,Yes,Poor,Moderate
151,Boy,16-20,No,Mid,Low
152,Boy,11-15,Yes,Rich,High
153,Boy,6-10,Yes,Rich,Moderate
154,Boy,21-25,Yes,Mid,Low
155,Boy,21-25,Yes,Mid,Low
156,Boy,1-5,Yes,Poor,Low
157,Boy,26-30,Yes,Rich,High
158,Girl,1-5,Yes,Mid,Moderate
159,Boy,21-25,Yes,Mid,Moderate
160,Boy,21-25,Yes,Mid,Low
161,Boy,21-25,No,Mid,High
162,Boy,16-20,No,Poor,Moderate
163,Boy,6-10,No,Mid,Low
164,Girl,16-20,No,Poor,Low
165,Girl,11-15,Yes,Mid,Moderate
166,Boy,21-25,No,Poor,Low
167,Boy,26-30,No,Mid,High
168,Girl,11-15,Yes,Mid,Moderate
169,Boy,16-20,Yes,Mid,Low
170,Boy,21-25,Yes,Mid,Moderate
171,Girl,26-30,Yes,Mid,Low
172,Girl,16-20,Yes,Mid,Low
173,Boy,21-25,Yes,Rich,High
174,Boy,11-15,Yes,Mid,Moderate
175,Boy,21-25,Yes,Mid,Low
176,Girl,11-15,Yes,Poor,Moderate
177,Boy,16-20,Yes,Mid,Low
178,Girl,16-20,Yes,Mid,Low
179,Girl,16-20,Yes,Poor,Low
180,Boy,11-15,Yes,Mid,Moderate
181,Boy,1-5,Yes,Mid,Low
182,Girl,1-5,Yes,Mid,Moderate
183,Girl,21-25,Yes,Rich,Moderate
184,Girl,16-20,Yes,Mid,Low
185,Boy,11-15,Yes,Poor,Low
186,Girl,11-15,Yes,Mid,Moderate
187,Girl,21-25,Yes,Mid,Low
188,Boy,11-15,Yes,Mid,Moderate
189,Boy,21-25,Yes,Mid,Moderate
190,Boy,11-15,Yes,Poor,Low
191,Boy,21-25,Yes,Mid,Moderate
192,Boy,21-25,Yes,Mid,Moderate
193,Boy,16-20,No,Poor,Low
194,Girl,16-20,No,Mid,Low
195,Boy,21-25,Yes,Mid,Low
196,Boy,16-20,Yes,Poor,Low
197,Boy,11-15,Yes,Poor,Moderate
198,Boy,11-15,Yes,Mid,Moderate
199,Girl,11-15,Yes,Mid,Low
200,Boy,6-10,Yes,Mid,Low
201,Boy,11-15,Yes,Poor,Low
202,Boy,11-15,Yes,Poor,Low
203,Boy,21-25,Yes,Mid,Moderate
204,Boy,11-15,Yes,Poor,Low
205,Boy,11-15,Yes,Mid,High
206,Boy,26-30,Yes,Mid,Moderate
207,Boy,11-15,Yes,Poor,Low
208,Girl,26-30,Yes,Mid,Low
209,Girl,21-25,Yes,Mid,Low
210,Girl,11-15,No,Poor,Low
211,Girl,16-20,No,Rich,High
212,Girl,16-20,No,Mid,Low
213,Girl,16-20,Yes,Mid,Moderate
214,Girl,21-25,Yes,Mid,Moderate
215,Boy,16-20,Yes,Rich,Moderate
216,Boy,11-15,Yes,Mid,Moderate
217,Girl,16-20,Yes,Poor,Low
218,Boy,21-25,Yes,Poor,Low
219,Boy,11-15,No,Mid,Low
220,Boy,21-25,Yes,Mid,Moderate
221,Boy,11-15,Yes,Mid,Moderate
222,Girl,11-15,Yes,Mid,Moderate
223,Boy,11-15,Yes,Mid,Moderate
224,Girl,21-25,No,Mid,Low
225,Girl,11-15,Yes,Mid,Moderate
226,Boy,21-25,Yes,Mid,Moderate
227,Boy,1-5,Yes,Poor,Low
228,Boy,11-15,Yes,Mid,Moderate
229,Girl,11-15,Yes,Poor,Moderate
230,Girl,11-15,Yes,Poor,Moderate
231,Girl,21-25,Yes,Mid,Moderate
232,Girl,16-20,Yes,Mid,Low
233,Boy,11-15,Yes,Mid,High
234,Boy,21-25,No,Mid,Moderate
235,Boy,21-25,No,Poor,Moderate
236,Boy,21-25,Yes,Mid,Moderate
237,Girl,26-30,Yes,Mid,Low
238,Girl,21-25,Yes,Mid,Moderate
239,Boy,21-25,Yes,Mid,Low
240,Girl,21-25,Yes,Mid,Low
241,Boy,11-15,Yes,Mid,Moderate
242,Girl,11-15,Yes,Rich,Moderate
243,Girl,16-20,No,Mid,Moderate
244,Girl,11-15,No,Mid,Low
245,Girl,1-5,Yes,Poor,Moderate
246,Boy,21-25,Yes,Mid,Moderate
247,Boy,11-15,Yes,Poor,Low
248,Boy,21-25,Yes,Mid,Moderate
249,Boy,21-25,Yes,Mid,Moderate
250,Boy,21-25,Yes,Mid,Moderate
251,Girl,16-20,Yes,Mid,Low
252,Boy,16-20,No,Mid,Low
253,Boy,21-25,No,Poor,Low
254,Girl,11-15,Yes,Poor,Moderate
255,Boy,11-15,Yes,Mid,Moderate
256,Boy,16-20,Yes,Mid,Moderate
257,Girl,21-25,Yes,Mid,Moderate
258,Boy,11-15,Yes,Poor,Low
259,Boy,26-30,Yes,Rich,High
260,Girl,11-15,Yes,Poor,Low
261,Boy,21-25,Yes,Mid,Low
262,Girl,16-20,Yes,Mid,Moderate
263,Boy,1-5,Yes,Poor,Low
264,Boy,16-20,Yes,Mid,Low
265,Girl,1-5,Yes,Poor,Moderate
266,Girl,16-20,Yes,Mid,Moderate
267,Girl,16-20,Yes,Mid,Low
268,Girl,16-20,Yes,Mid,Moderate
269,Boy,21-25,Yes,Poor,High
270,Boy,11-15,Yes,Mid,Moderate
271,Boy,21-25,Yes,Mid,Moderate
272,Boy,11-15,Yes,Mid,Moderate
273,Girl,11-15,Yes,Mid,Moderate
274,Girl,6-10,Yes,Mid,Low
275,Boy,11-15,Yes,Mid,Moderate
276,Girl,16-20,Yes,Mid,Low
277,Girl,21-25,No,Mid,Low
278,Boy,21-25,No,Poor,Low
279,Boy,11-15,Yes,Mid,Low
280,Boy,26-30,No,Poor,Low
281,Girl,16-20,No,Mid,Low
282,Girl,21-25,Yes,Mid,Low
283,Boy,21-25,Yes,Poor,High
284,Boy,21-25,No,Mid,Moderate
285,Boy,21-25,No,Poor,Low
286,Boy,21-25,Yes,Mid,Moderate
287,Boy,11-15,Yes,Mid,Low
288,Boy,11-15,Yes,Mid,Low
289,Boy,11-15,Yes,Poor,Moderate
290,Boy,11-15,Yes,Mid,Moderate
291,Boy,11-15,Yes,Mid,Moderate
292,Girl,1-5,Yes,Mid,Moderate
293,Girl,21-25,Yes,Mid,Moderate
294,Girl,1-5,Yes,Rich,Low
295,Boy,11-15,Yes,Poor,Moderate
296,Boy,21-25,Yes,Rich,High
297,Girl,16-20,No,Mid,Moderate
298,Boy,11-15,Yes,Mid,Moderate
299,Boy,11-15,Yes,Mid,Moderate
300,Boy,21-25,Yes,Rich,High
301,Boy,21-25,Yes,Mid,Moderate
302,Boy,1-5,Yes,Mid,Low
303,Girl,1-5,Yes,Poor,Moderate
304,Boy,21-25,No,Poor,Moderate
305,Girl,16-20,Yes,Mid,Low
306,Boy,16-20,Yes,Mid,Moderate
307,Boy,11-15,Yes,Rich,Moderate
308,Boy,21-25,Yes,Mid,Moderate
309,Boy,21-25,Yes,Mid,Moderate
310,Girl,1-5,Yes,Poor,Moderate
311,Girl,16-20,No,Mid,Low
312,Boy,11-15,Yes,Poor,Moderate
313,Boy,11-15,Yes,Mid,Moderate
314,Girl,16-20,Yes,Mid,Moderate
315,Girl,11-15,Yes,Poor,Low
316,Boy,21-25,Yes,Mid,Moderate
317,Girl,21-25,Yes,Mid,Low
318,Girl,16-20,Yes,Mid,Low
319,Girl,11-15,Yes,Poor,Low
320,Boy,11-15,Yes,Rich,Moderate
321,Boy,21-25,Yes,Mid,Low
322,Girl,1-5,Yes,Mid,Moderate
323,Girl,11-15,Yes,Poor,Low
324,Girl,16-20,No,Mid,Low
325,Boy,21-25,No,Mid,Moderate
326,Girl,1-5,Yes,Poor,Moderate
327,Boy,11-15,Yes,Mid,Moderate
328,Boy,21-25,No,Mid,Moderate
329,Girl,21-25,No,Mid,Low
330,Girl,11-15,Yes,Mid,Moderate
331,Boy,21-25,Yes,Mid,Low
332,Girl,21-25,Yes,Poor,Low
333,Girl,21-25,No,Mid,Moderate
334,Girl,16-20,Yes,Mid,Moderate
335,Boy,21-25,Yes,Mid,Moderate
336,Boy,21-25,Yes,Mid,Low
337,Boy,16-20,Yes,Mid,Low
338,Boy,11-15,Yes,Mid,Moderate
339,Girl,26-30,No,Poor,Low
340,Girl,1-5,Yes,Mid,Moderate
341,Girl,21-25,Yes,Mid,Moderate
342,Girl,11-15,Yes,Mid,Moderate
343,Boy,16-20,Yes,Mid,Moderate
344,Girl,21-25,Yes,Mid,Low
345,Boy,21-25,No,Poor,Moderate
346,Girl,26-30,Yes,Mid,Low
347,Boy,6-10,Yes,Rich,Moderate
348,Boy,11-15,Yes,Poor,Low
349,Boy,11-15,Yes,Poor,Moderate
350,Girl,1-5,Yes,Poor,Moderate
351,Girl,26-30,No,Poor,Low
352,Girl,16-20,Yes,Mid,Moderate
353,Boy,21-25,Yes,Mid,Moderate
354,Boy,11-15,Yes,Mid,Moderate
355,Boy,16-20,No,Rich,Low
356,Boy,16-20,Yes,Mid,Moderate
357,Girl,11-15,Yes,Mid,Moderate
358,Girl,6-10,Yes,Mid,Moderate
359,Boy,11-15,Yes,Mid,Moderate
360,Boy,11-15,Yes,Mid,Moderate
361,Girl,6-10,Yes,Poor,High
362,Boy,21-25,Yes,Mid,Low
363,Boy,11-15,Yes,Mid,Moderate
364,Boy,21-25,Yes,Poor,Low
365,Boy,21-25,Yes,Rich,High
366,Girl,16-20,Yes,Mid,Low
367,Girl,11-15,Yes,Mid,Moderate
368,Girl,16-20,Yes,Mid,Moderate
369,Girl,16-20,Yes,Mid,Low
370,Boy,16-20,Yes,Mid,Moderate
371,Boy,21-25,Yes,Mid,Moderate
372,Girl,16-20,Yes,Mid,Low
373,Boy,26-30,Yes,Mid,Moderate
374,Boy,21-25,Yes,Mid,Moderate
375,Girl,6-10,No,Mid,Low
376,Girl,11-15,No,Mid,Low
377,Boy,21-25,Yes,Mid,Moderate
378,Girl,1-5,Yes,Poor,Moderate
379,Girl,26-30,Yes,Mid,Low
380,Boy,11-15,Yes,Mid,Low
381,Boy,21-25,No,Mid,Moderate
382,Boy,11-15,Yes,Mid,Low
383,Boy,21-25,No,Mid,Moderate
384,Boy,16-20,Yes,Mid,Moderate
385,Boy,21-25,No,Mid,Moderate
386,Boy,11-15,Yes,Mid,Moderate
387,Boy,11-15,Yes,Mid,Moderate
388,Boy,26-30,Yes,Poor,Moderate
389,Girl,11-15,No,Mid,Low
390,Girl,16-20,Yes,Mid,High
391,Girl,11-15,Yes,Mid,Moderate
392,Girl,16-20,No,Mid,Low
393,Girl,26-30,No,Poor,Low
394,Girl,16-20,Yes,Mid,Low
395,Boy,21-25,Yes,Mid,Low
396,Girl,21-25,No,Mid,Low
397,Boy,21-25,Yes,Rich,Low
398,Boy,21-25,Yes,Poor,High
399,Girl,26-30,Yes,Mid,Low
400,Boy,16-20,Yes,Mid,Moderate
401,Boy,16-20,Yes,Mid,Moderate
402,Boy,26-30,Yes,Mid,Low
403,Boy,16-20,Yes,Mid,Moderate
404,Boy,21-25,Yes,Mid,Low
405,Girl,26-30,No,Poor,Low
406,Boy,21-25,Yes,Mid,High
407,Girl,1-5,Yes,Poor,Moderate
408,Boy,11-15,Yes,Mid,Moderate
409,Boy,26-30,Yes,Rich,High
410,Boy,21-25,Yes,Rich,High
411,Boy,21-25,Yes,Poor,High
412,Boy,21-25,Yes,Mid,Moderate
413,Girl,16-20,No,Mid,Low
414,Girl,1-5,Yes,Mid,Moderate
415,Boy,26-30,Yes,Mid,Low
416,Boy,16-20,No,Mid,Low
417,Boy,26-30,Yes,Mid,Moderate
418,Boy,16-20,Yes,Mid,Moderate
419,Girl,16-20,Yes,Mid,Low
420,Girl,11-15,Yes,Mid,Moderate
421,Girl,6-10,Yes,Mid,Moderate
422,Girl,11-15,Yes,Mid,Moderate
423,Girl,16-20,Yes,Mid,Low
424,Boy,1-5,Yes,Mid,Low
425,Girl,26-30,No,Poor,Low
426,Boy,21-25,Yes,Mid,Moderate
427,Boy,21-25,Yes,Mid,High
428,Boy,11-15,Yes,Mid,Low
429,Boy,11-15,Yes,Poor,Low
430,Boy,21-25,No,Poor,Moderate
431,Girl,26-30,Yes,Poor,Low
432,Boy,11-15,Yes,Mid,High
433,Girl,21-25,Yes,Mid,Low
434,Girl,21-25,No,Mid,Moderate
435,Girl,21-25,Yes,Mid,Low
436,Girl,26-30,Yes,Mid,Low
437,Girl,21-25,Yes,Mid,Moderate
438,Boy,11-15,Yes,Poor,Low
439,Girl,16-20,Yes,Mid,Moderate
440,Boy,21-25,Yes,Mid,Moderate
441,Boy,16-20,Yes,Mid,Moderate
442,Girl,26-30,Yes,Mid,Low
443,Boy,11-15,Yes,Mid,Moderate
444,Boy,11-15,Yes,Poor,Low
445,Girl,21-25,Yes,Mid,Moderate
446,Boy,21-25,Yes,Mid,Low
447,Girl,21-25,Yes,Mid,High
448,Boy,21-25,Yes,Rich,Low
449,Girl,11-15,Yes,Mid,Moderate
450,Girl,11-15,Yes,Poor,Moderate
451,Girl,21-25,Yes,Rich,High
452,Boy,1-5,No,Mid,Low
453,Girl,16-20,Yes,Poor,Low
454,Boy,21-25,No,Poor,Moderate
455,Girl,21-25,Yes,Poor,Low
456,Boy,11-15,Yes,Mid,Moderate
457,Boy,21-25,Yes,Mid,Low
458,Boy,21-25,No,Poor,Low
459,Boy,21-25,Yes,Poor,Moderate
460,Boy,11-15,Yes,Mid,Moderate
461,Boy,21-25,Yes,Poor,High
462,Boy,21-25,No,Mid,High
463,Boy,21-25,Yes,Poor,High
464,Girl,11-15,Yes,Rich,High
465,Boy,21-25,No,Mid,Moderate
466,Boy,21-25,No,Poor,Low
467,Boy,11-15,No,Poor,Low
468,Girl,16-20,Yes,Mid,Moderate
469,Boy,21-25,Yes,Mid,Low
470,Boy,21-25,No,Poor,Moderate
471,Boy,21-25,Yes,Mid,Low
472,Boy,11-15,No,Poor,Low
473,Boy,21-25,No,Mid,Moderate
474,Girl,16-20,No,Mid,Moderate
475,Boy,11-15,Yes,Mid,Low
476,Boy,21-25,Yes,Poor,High
477,Girl,11-15,Yes,Mid,Moderate
478,Boy,11-15,Yes,Mid,Low
479,Boy,26-30,Yes,Mid,Moderate
480,Girl,16-20,Yes,Mid,Moderate
481,Boy,21-25,No,Mid,Low
482,Girl,11-15,Yes,Poor,Low
483,Boy,16-20,Yes,Mid,Low
484,Boy,21-25,Yes,Mid,Moderate
485,Boy,16-20,No,Mid,Moderate
486,Girl,21-25,Yes,Mid,Moderate
487,Boy,21-25,Yes,Mid,Moderate
488,Girl,21-25,Yes,Mid,Low
489,Girl,11-15,Yes,Poor,Moderate
490,Boy,21-25,Yes,Poor,High
491,Boy,11-15,Yes,Mid,Moderate
492,Boy,16-20,Yes,Poor,Low
493,Girl,21-25,Yes,Rich,High
494,Boy,21-25,Yes,Mid,Low
495,Girl,16-20,No,Mid,Low
496,Boy,11-15,No,Mid,Low
497,Boy,21-25,Yes,Mid,Moderate
498,Boy,21-25,Yes,Mid,Moderate
499,Boy,21-25,No,Mid,Moderate
500,Girl,16-20,No,Mid,Low
501,Girl,16-20,Yes,Mid,Low
502,Girl,16-20,Yes,Mid,Low
503,Boy,21-25,Yes,Mid,Low
504,Girl,16-20,No,Poor,Low
505,Boy,16-20,No,Poor,Low
506,Girl,6-10,Yes,Rich,High
507,Boy,21-25,No,Mid,Moderate
508,Girl,16-20,No,Mid,Low
509,Girl,11-15,Yes,Mid,Moderate
510,Girl,16-20,Yes,Mid,Low
511,Girl,21-25,Yes,Mid,Moderate
512,Girl,16-20,Yes,Mid,Low
513,Girl,1-5,Yes,Mid,Moderate
514,Girl,11-15,No,Poor,Low
515,Girl,16-20,No,Mid,Moderate
516,Boy,21-25,Yes,Mid,Low
517,Boy,21-25,Yes,Rich,High
518,Girl,21-25,Yes,Mid,Low
519,Boy,21-25,No,Mid,Moderate
520,Girl,16-20,Yes,Mid,Low
521,Girl,11-15,Yes,Poor,Low
522,Boy,11-15,No,Mid,Low
523,Girl,21-25,Yes,Mid,Moderate
524,Boy,21-25,Yes,Mid,Low
525,Girl,21-25,Yes,Mid,Moderate
526,Boy,21-25,Yes,Mid,Moderate
527,Boy,21-25,Yes,Mid,Moderate
528,Boy,16-20,Yes,Mid,Moderate
529,Girl,11-15,Yes,Poor,Moderate
530,Boy,21-25,Yes,Mid,Moderate
531,Girl,16-20,No,Mid,Low
532,Boy,21-25,Yes,Mid,Low
533,Boy,11-15,Yes,Poor,Moderate
534,Boy,16-20,Yes,Mid,Moderate
535,Boy,16-20,Yes,Mid,Moderate
536,Girl,11-15,Yes,Mid,Moderate
537,Boy,11-15,Yes,Poor,Low
538,Boy,11-15,Yes,Mid,Low
539,Girl,11-15,Yes,Mid,Moderate
540,Boy,16-20,Yes,Mid,Moderate
541,Girl,11-15,Yes,Mid,Moderate
542,Girl,1-5,Yes,Mid,Moderate
543,Girl,16-20,Yes,Mid,Moderate
544,Girl,11-15,Yes,Mid,Moderate
545,Girl,1-5,Yes,Mid,Moderate
546,Girl,6-10,Yes,Poor,High
547,Boy,11-15,Yes,Mid,Moderate
548,Girl,16-20,Yes,Mid,Low
549,Boy,26-30,Yes,Poor,Moderate
550,Boy,21-25,Yes,Mid,Moderate
551,Girl,16-20,No,Mid,Low
552,Boy,16-20,Yes,Mid,Moderate
553,Girl,11-15,Yes,Mid,Moderate
554,Boy,21-25,No,Mid,Moderate
555,Girl,11-15,Yes,Mid,Moderate
556,Girl,26-30,No,Poor,Low
557,Girl,21-25,Yes,Mid,Moderate
558,Girl,21-25,No,Mid,Low
559,Girl,1-5,Yes,Mid,Moderate
560,Boy,6-10,Yes,Rich,High
561,Girl,1-5,Yes,Mid,Moderate
562,Girl,11-15,Yes,Mid,Moderate
563,Boy,21-25,No,Poor,Low
564,Boy,21-25,No,Mid,Low
565,Boy,21-25,Yes,Mid,Moderate
566,Girl,26-30,Yes,Mid,Low
567,Boy,11-15,Yes,Mid,Moderate
568,Boy,16-20,No,Poor,Moderate
569,Boy,11-15,Yes,Mid,Moderate
570,Boy,26-30,No,Mid,Moderate
571,Boy,11-15,Yes,Rich,Moderate
572,Boy,21-25,Yes,Poor,High
573,Boy,11-15,Yes,Mid,Low
574,Girl,16-20,No,Mid,Low
575,Boy,21-25,Yes,Mid,Low
576,Boy,11-15,Yes,Mid,Low
577,Boy,21-25,Yes,Mid,Low
578,Girl,21-25,Yes,Mid,Moderate
579,Boy,16-20,Yes,Mid,Moderate
580,Boy,21-25,Yes,Mid,Low
581,Boy,21-25,Yes,Mid,Low
582,Boy,16-20,No,Poor,Low
583,Boy,16-20,Yes,Mid,Moderate
584,Boy,21-25,Yes,Mid,High
585,Girl,21-25,No,Poor,Low
586,Girl,11-15,Yes,Poor,Low
587,Girl,21-25,Yes,Mid,Moderate
588,Boy,21-25,Yes,Poor,Low
589,Boy,16-20,Yes,Mid,Moderate
590,Boy,16-20,Yes,Rich,Moderate
591,Girl,21-25,Yes,Mid,Low
592,Boy,26-30,Yes,Rich,High
593,Boy,21-25,Yes,Mid,Low
594,Boy,11-15,Yes,Mid,Moderate
595,Boy,16-20,No,Rich,Low
596,Boy,26-30,Yes,Mid,Moderate
597,Boy,21-25,No,Poor,Moderate
598,Girl,11-15,Yes,Poor,Moderate
599,Girl,26-30,Yes,Mid,Low
600,Girl,1-5,Yes,Rich,Low
601,Girl,21-25,Yes,Poor,Low
602,Girl,21-25,Yes,Rich,Moderate
603,Girl,21-25,No,Mid,Low
604,Boy,21-25,No,Mid,Moderate
605,Boy,21-25,No,Poor,Moderate
606,Boy,11-15,Yes,Mid,High
607,Girl,16-20,No,Mid,Low
608,Boy,11-15,Yes,Mid,Moderate
609,Boy,1-5,Yes,Mid,Low
610,Boy,11-15,Yes,Mid,Low
611,Girl,11-15,Yes,Mid,Moderate
612,Boy,21-25,Yes,Mid,Moderate
613,Boy,21-25,No,Mid,Low
614,Boy,11-15,Yes,Poor,Low
615,Girl,6-10,Yes,Poor,High
616,Girl,1-5,Yes,Mid,Moderate
617,Girl,6-10,Yes,Poor,Low
618,Girl,21-25,Yes,Poor,Low
619,Boy,21-25,Yes,Rich,High
620,Boy,11-15,Yes,Mid,High
621,Girl,21-25,No,Mid,Moderate
622,Boy,21-25,Yes,Mid,Moderate
623,Girl,11-15,Yes,Mid,Moderate
624,Boy,1-5,Yes,Poor,Low
625,Boy,11-15,Yes,Mid,Low
626,Boy,16-20,Yes,Mid,Low
627,Boy,11-15,Yes,Mid,High
628,Boy,6-10,Yes,Rich,High
629,Boy,26-30,Yes,Mid,Moderate
630,Girl,11-15,Yes,Poor,Moderate
631,Girl,16-20,No,Mid,Moderate
632,Girl,21-25,Yes,Mid,Moderate
633,Girl,16-20,Yes,Mid,Low
634,Girl,21-25,Yes,Mid,Low
635,Boy,11-15,Yes,Mid,Moderate
636,Girl,26-30,Yes,Mid,Low
637,Girl,1-5,Yes,Mid,Moderate
638,Girl,1-5,Yes,Poor,Moderate
639,Boy,11-15,Yes,Poor,Moderate
640,Boy,11-15,Yes,Rich,High
641,Boy,11-15,Yes,Mid,Moderate
642,Boy,16-20,No,Mid,Low
643,Girl,6-10,Yes,Rich,High
644,Boy,11-15,Yes,Mid,Low
645,Girl,11-15,Yes,Poor,Moderate
646,Boy,26-30,No,Poor,Low
647,Boy,26-30,No,Poor,Moderate
648,Boy,21-25,Yes,Poor,High
649,Boy,16-20,Yes,Mid,Moderate
650,Girl,11-15,No,Mid,Low
651,Boy,26-30,No,Poor,Moderate
652,Boy,16-20,No,Mid,Low
653,Girl,21-25,Yes,Mid,Low
654,Boy,21-25,Yes,Mid,Low
655,Boy,11-15,Yes,Rich,Moderate
656,Boy,11-15,Yes,Mid,High
657,Girl,16-20,Yes,Mid,Low
658,Girl,16-20,Yes,Mid,Low
659,Girl,16-20,Yes,Mid,Low
660,Boy,11-15,Yes,Mid,Moderate
661,Girl,1-5,Yes,Poor,Moderate
662,Boy,11-15,Yes,Mid,Low
663,Boy,11-15,Yes,Mid,Moderate
664,Boy,21-25,No,Mid,Moderate
665,Girl,16-20,No,Mid,Moderate
666,Boy,11-15,Yes,Mid,Low
667,Girl,11-15,Yes,Rich,Moderate
668,Boy,26-30,Yes,Mid,Low
669,Boy,11-15,Yes,Rich,Moderate
670,Girl,16-20,No,Mid,Low
671,Girl,21-25,No,Mid,Low
672,Girl,16-20,Yes,Mid,Low
673,Boy,21-25,Yes,Mid,Moderate
674,Girl,16-20,Yes,Mid,Low
675,Boy,21-25,No,Mid,Moderate
676,Boy,21-25,No,Mid,Moderate
677,Boy,1-5,Yes,Poor,Low
678,Girl,1-5,Yes,Poor,Moderate
679,Boy,21-25,Yes,Mid,Moderate
680,Boy,21-25,Yes,Mid,Low
681,Girl,6-10,Yes,Poor,High
682,Girl,21-25,No,Mid,Moderate
683,Boy,26-30,Yes,Mid,Moderate
684,Boy,11-15,No,Poor,Low
685,Girl,16-20,No,Mid,Low
686,Boy,11-15,Yes,Mid,Moderate
687,Boy,21-25,Yes,Poor,Low
688,Boy,16-20,Yes,Mid,Moderate
689,Boy,21-25,Yes,Poor,High
690,Boy,26-30,Yes,Mid,Moderate
691,Boy,11-15,Yes,Mid,Moderate
692,Boy,21-25,Yes,Mid,Moderate
693,Girl,1-5,Yes,Mid,Moderate
694,Boy,21-25,Yes,Mid,Low
695,Girl,11-15,Yes,Mid,Moderate
696,Girl,6-10,No,Mid,Low
697,Boy,21-25,Yes,Mid,Low
698,Girl,1-5,Yes,Mid,Moderate
699,Girl,16-20,Yes,Mid,Low
700,Girl,1-5,Yes,Mid,Moderate
701,Girl,16-20,No,Mid,Low
702,Girl,11-15,No,Mid,Low
703,Girl,1-5,Yes,Rich,Low
704,Girl,11-15,Yes,Poor,Low
705,Girl,21-25,No,Mid,Moderate
706,Girl,16-20,Yes,Mid,Moderate
707,Girl,1-5,Yes,Poor,Moderate
708,Boy,21-25,Yes,Mid,Moderate
709,Boy,16-20,Yes,Mid,Moderate
710,Boy,16-20,Yes,Mid,Low
711,Boy,21-25,No,Poor,Low
712,Boy,16-20,Yes,Mid,Low
713,Boy,11-15,Yes,Poor,Moderate
714,Girl,26-30,Yes,Mid,Low
715,Girl,11-15,No,Mid,Low
716,Girl,11-15,Yes,Rich,High
717,Girl,26-30,Yes,Mid,Low
718,Boy,11-15,Yes,Mid,Moderate
719,Boy,21-25,Yes,Mid,Moderate
720,Girl,1-5,Yes,Mid,Moderate
721,Girl,16-20,No,Mid,Moderate
722,Boy,21-25,No,Poor,Moderate
723,Girl,11-15,Yes,Poor,Low
724,Girl,16-20,Yes,Mid,Low
725,Boy,16-20,Yes,Mid,Moderate
726,Girl,16-20,No,Mid,Moderate
727,Girl,11-15,Yes,Mid,Moderate
728,Boy,11-15,Yes,Poor,Low
729,Girl,1-5,Yes,Poor,Moderate
730,Girl,21-25,Yes,Mid,Moderate
731,Girl,16-20,No,Poor,Moderate
732,Girl,11-15,Yes,Mid,Moderate
733,Boy,21-25,Yes,Poor,High
734,Girl,1-5,Yes,Poor,Moderate
735,Boy,11-15,Yes,Rich,High
736,Girl,16-20,Yes,Mid,Low
737,Boy,21-25,Yes,Mid,Moderate
738,Girl,1-5,Yes,Mid,Moderate
739,Boy,26-30,No,Poor,Low
740,Boy,16-20,Yes,Mid,Moderate
741,Boy,11-15,Yes,Poor,Moderate
742,Boy,21-25,Yes,Mid,Low
743,Girl,16-20,Yes,Mid,Low
744,Girl,16-20,No,Mid,Moderate
745,Boy,21-25,Yes,Mid,Low
746,Boy,16-20,Yes,Mid,Moderate
747,Boy,16-20,Yes,Mid,Moderate
748,Boy,21-25,Yes,Poor,High
749,Boy,21-25,No,Poor,Moderate
750,Girl,11-15,Yes,Mid,Moderate
751,Boy,21-25,No,Mid,Moderate
752,Boy,11-15,Yes,Mid,Moderate
753,Boy,21-25,No,Mid,Low
754,Girl,21-25,Yes,Mid,Moderate
755,Boy,11-15,Yes,Mid,Low
756,Boy,16-20,Yes,Mid,Moderate
757,Boy,21-25,Yes,Mid,Low
758,Girl,1-5,Yes,Mid,Moderate
759,Boy,21-25,No,Mid,Low
760,Boy,16-20,No,Mid,Low
761,Girl,21-25,No,Mid,Low
762,Girl,21-25,Yes,Rich,Moderate
763,Girl,16-20,Yes,Mid,Low
764,Boy,21-25,Yes,Mid,Moderate
765,Boy,11-15,Yes,Mid,Moderate
766,Girl,16-20,Yes,Mid,Low
767,Girl,11-15,Yes,Mid,Moderate
768,Boy,16-20,Yes,Mid,Moderate
769,Girl,16-20,Yes,Mid,High
770,Boy,11-15,Yes,Mid,Moderate
771,Girl,21-25,Yes,Mid,Moderate
772,Girl,21-25,No,Poor,Low
773,Girl,16-20,Yes,Mid,Low
774,Boy,21-25,Yes,Poor,Low
775,Girl,16-20,Yes,Mid,Moderate
776,Boy,11-15,Yes,Mid,Moderate
777,Girl,21-25,Yes,Mid,Low
778,Girl,6-10,Yes,Poor,Low
779,Girl,1-5,Yes,Mid,Moderate
780,Boy,21-25,No,Mid,Moderate
781,Girl,11-15,Yes,Mid,Moderate
782,Boy,11-15,Yes,Mid,Low
783,Boy,21-25,Yes,Mid,Moderate
784,Boy,21-25,No,Poor,Low
785,Boy,21-25,Yes,Mid,Moderate
786,Girl,16-20,Yes,Mid,Low
787,Girl,16-20,No,Mid,Moderate
788,Boy,6-10,Yes,Rich,High
789,Girl,21-25,Yes,Mid,Moderate
790,Girl,26-30,No,Poor,Low
791,Boy,11-15,Yes,Mid,Moderate
792,Girl,11-15,No,Mid,Low
793,Girl,11-15,No,Mid,Low
794,Boy,21-25,No,Mid,Low
795,Girl,16-20,No,Mid,Moderate
796,Boy,21-25,Yes,Mid,Moderate
797,Boy,21-25,Yes,Mid,Moderate
798,Girl,1-5,Yes,Mid,Moderate
799,Girl,21-25,Yes,Mid,Moderate
800,Girl,16-20,Yes,Mid,Moderate
801,Boy,11-15,Yes,Mid,Moderate
802,Boy,11-15,Yes,Mid,Low
803,Girl,1-5,Yes,Mid,Moderate
804,Boy,21-25,Yes,Mid,Low
805,Boy,6-10,No,Mid,Low
806,Girl,11-15,Yes,Rich,Moderate
807,Girl,11-15,Yes,Mid,Moderate
808,Boy,21-25,Yes,Mid,Moderate
809,Boy,21-25,Yes,Mid,Moderate
810,Boy,26-30,Yes,Rich,High
811,Girl,16-20,Yes,Mid,Moderate
812,Girl,16-20,Yes,Mid,Moderate
813,Boy,21-25,No,Mid,Low
814,Boy,11-15,Yes,Rich,High
815,Girl,11-15,No,Mid,Low
816,Boy,16-20,Yes,Rich,Moderate
817,Boy,11-15,Yes,Poor,Low
818,Girl,16-20,No,Mid,Low
819,Boy,11-15,No,Poor,Low
820,Girl,1-5,Yes,Poor,Moderate
821,Girl,6-10,Yes,Mid,Moderate
822,Boy,11-15,Yes,Mid,High
823,Boy,21-25,Yes,Mid,Moderate
824,Girl,16-20,Yes,Mid,Low
825,Boy,11-15,Yes,Mid,Moderate
826,Boy,21-25,Yes,Mid,Moderate
827,Girl,21-25,No,Mid,Moderate
828,Boy,21-25,No,Mid,Moderate
829,Boy,16-20,Yes,Rich,Moderate
830,Boy,16-20,Yes,Mid,Low
831,Boy,11-15,No,Mid,Low
832,Boy,11-15,Yes,Mid,Moderate
833,Boy,11-15,Yes,Mid,Moderate
834,Girl,21-25,Yes,Mid,Low
835,Boy,11-15,Yes,Mid,Moderate
836,Girl,1-5,Yes,Poor,Moderate
837,Boy,16-20,Yes,Mid,Moderate
838,Boy,21-25,No,Mid,Moderate
839,Girl,6-10,Yes,Poor,Low
840,Girl,1-5,Yes,Mid,Moderate
841,Girl,16-20,Yes,Mid,High
842,Girl,11-15,Yes,Poor,Low
843,Boy,16-20,Yes,Mid,Moderate
844,Boy,11-15,Yes,Mid,High
845,Boy,11-15,Yes,Mid,Moderate
846,Girl,21-25,Yes,Mid,Moderate
847,Girl,16-20,No,Mid,Low
848,Girl,6-10,Yes,Poor,High
849,Girl,11-15,Yes,Mid,Moderate
850,Girl,11-15,Yes,Mid,Moderate
851,Girl,16-20,No,Mid,Low
852,Boy,11-15,Yes,Mid,Moderate
853,Girl,11-15,Yes,Poor,Low
854,Girl,16-20,Yes,Mid,Low
855,Girl,21-25,No,Mid,Low
856,Girl,11-15,Yes,Mid,Low
857,Girl,16-20,No,Mid,Moderate
858,Boy,26-30,Yes,Mid,Moderate
859,Girl,16-20,Yes,Mid,Low
860,Boy,21-25,Yes,Mid,Low
861,Boy,21-25,No,Mid,Moderate
862,Girl,26-30,No,Poor,Low
863,Girl,6-10,No,Mid,Low
864,Girl,21-25,No,Mid,Low
865,Girl,1-5,Yes,Poor,Moderate
866,Boy,11-15,Yes,Mid,Low
867,Girl,16-20,No,Mid,Moderate
868,Girl,11-15,Yes,Poor,Moderate
869,Girl,6-10,Yes,Mid,Moderate
870,Boy,16-20,Yes,Mid,Moderate
871,Boy,21-25,Yes,Mid,Moderate
872,Boy,16-20,Yes,Mid,Moderate
873,Girl,16-20,Yes,Poor,Low
874,Girl,16-20,Yes,Mid,Moderate
875,Girl,21-25,Yes,Mid,Moderate
876,Boy,11-15,Yes,Mid,Moderate
877,Girl,16-20,No,Mid,Low
878,Boy,11-15,Yes,Mid,Low
879,Boy,11-15,Yes,Mid,Moderate
880,Girl,21-25,Yes,Mid,Moderate
881,Girl,11-15,Yes,Rich,Low
882,Boy,11-15,Yes,Mid,Low
883,Girl,11-15,Yes,Poor,Moderate
884,Boy,21-25,Yes,Mid,Moderate
885,Boy,16-20,Yes,Rich,Moderate
886,Girl,1-5,Yes,Poor,Moderate
887,Boy,21-25,Yes,Mid,Moderate
888,Girl,16-20,Yes,Mid,Moderate
889,Boy,26-30,No,Mid,Moderate
890,Boy,16-20,Yes,Mid,Moderate
891,Girl,16-20,Yes,Mid,Moderate
892,Girl,11-15,Yes,Poor,Moderate
893,Girl,11-15,Yes,Mid,Moderate
894,Girl,6-10,Yes,Poor,Low
895,Girl,21-25,No,Mid,Moderate
896,Girl,21-25,Yes,Mid,Low
897,Boy,16-20,Yes,Rich,Moderate
898,Boy,21-25,Yes,Mid,Low
899,Boy,21-25,Yes,Mid,Moderate
900,Girl,16-20,Yes,Mid,Moderate
901,Boy,21-25,No,Mid,Moderate
902,Boy,11-15,Yes,Mid,Low
903,Girl,16-20,Yes,Mid,Moderate
904,Boy,11-15,Yes,Mid,High
905,Boy,6-10,Yes,Rich,High
906,Girl,11-15,Yes,Mid,Low
907,Girl,1-5,Yes,Poor,Moderate
908,Boy,6-10,Yes,Rich,Moderate
909,Boy,11-15,Yes,Mid,Low
910,Girl,11-15,Yes,Mid,Moderate
911,Boy,16-20,Yes,Mid,Low
912,Boy,21-25,Yes,Mid,Moderate
913,Girl,1-5,Yes,Poor,Moderate
914,Girl,6-10,Yes,Poor,Low
915,Boy,21-25,Yes,Mid,Moderate
916,Girl,1-5,Yes,Mid,Moderate
917,Boy,26-30,No,Poor,Moderate
918,Boy,21-25,Yes,Poor,High
919,Boy,11-15,Yes,Mid,Moderate
920,Boy,11-15,Yes,Mid,Moderate
921,Girl,11-15,Yes,Mid,Moderate
922,Boy,21-25,Yes,Mid,Moderate
923,Boy,16-20,No,Mid,Low
924,Girl,21-25,Yes,Mid,High
925,Girl,21-25,Yes,Mid,Moderate
926,Boy,21-25,Yes,Mid,Low
927,Girl,1-5,Yes,Poor,Moderate
928,Boy,6-10,Yes,Mid,Low
929,Girl,11-15,Yes,Rich,Moderate
930,Girl,11-15,Yes,Mid,Moderate
931,Boy,11-15,Yes,Mid,Moderate
932,Girl,11-15,Yes,Poor,Low
933,Boy,21-25,Yes,Poor,Moderate
934,Boy,6-10,No,Mid,Low
935,Boy,16-20,Yes,Mid,Moderate
936,Boy,21-25,Yes,Rich,High
937,Girl,11-15,Yes,Poor,Low
938,Girl,11-15,Yes,Mid,Moderate
939,Girl,6-10,Yes,Rich,High
940,Boy,11-15,Yes,Mid,Low
941,Boy,21-25,No,Mid,Low
942,Girl,16-20,No,Mid,Low
943,Boy,11-15,Yes,Mid,High
944,Boy,21-25,Yes,Mid,Moderate
945,Boy,16-20,Yes,Mid,Moderate
946,Boy,16-20,Yes,Mid,Moderate
947,Girl,1-5,Yes,Mid,Moderate
948,Boy,16-20,No,Mid,Low
949,Boy,21-25,No,Mid,Moderate
950,Boy,21-25,Yes,Poor,Low
951,Boy,21-25,Yes,Mid,Low
952,Boy,16-20,Yes,Mid,Moderate
953,Boy,16-20,Yes,Mid,Moderate
954,Girl,6-10,Yes,Mid,High
955,Boy,11-15,No,Mid,Low
956,Boy,11-15,Yes,Mid,High
957,Boy,21-25,No,Mid,Moderate
958,Boy,6-10,Yes,Mid,Low
959,Girl,21-25,Yes,Mid,Moderate
960,Girl,16-20,Yes,Mid,Low
961,Boy,21-25,Yes,Mid,Moderate
962,Boy,21-25,Yes,Rich,High
963,Girl,21-25,No,Mid,Moderate
964,Girl,16-20,Yes,Mid,Moderate
965,Boy,16-20,Yes,Mid,Moderate
966,Boy,21-25,Yes,Mid,Low
967,Boy,21-25,Yes,Mid,Low
968,Girl,1-5,Yes,Poor,Moderate
969,Boy,26-30,No,Poor,Moderate
970,Girl,11-15,Yes,Rich,Moderate
971,Girl,11-15,No,Mid,Low
972,Girl,26-30,Yes,Mid,Low
973,Boy,16-20,Yes,Rich,Moderate
974,Boy,21-25,Yes,Mid,Low
975,Girl,11-15,Yes,Mid,Moderate
976,Boy,16-20,Yes,Mid,Moderate
977,Boy,6-10,Yes,Mid,Low
978,Boy,6-10,No,Mid,Low
979,Girl,1-5,Yes,Mid,Moderate
980,Girl,11-15,Yes,Mid,Moderate
981,Girl,1-5,Yes,Mid,Moderate
982,Boy,21-25,No,Mid,Low
983,Boy,16-20,Yes,Mid,Moderate
984,Girl,21-25,No,Mid,Low
985,Boy,11-15,Yes,Mid,Moderate
986,Boy,11-15,Yes,Mid,Moderate
987,Boy,11-15,Yes,Mid,High
988,Boy,21-25,Yes,Mid,Low
989,Boy,26-30,No,Poor,Low
990,Girl,21-25,Yes,Poor,Low
991,Boy,11-15,Yes,Mid,Low
992,Girl,16-20,No,Mid,Low
993,Boy,16-20,Yes,Mid,Low
994,Boy,11-15,Yes,Poor,Low
995,Girl,16-20,No,Rich,High
996,Boy,21-25,Yes,Mid,Low
997,Girl,1-5,Yes,Mid,Moderate
998,Girl,11-15,Yes,Rich,Low
999,Boy,16-20,No,Poor,Moderate
1000,Boy,11-15,Yes,Poor,Low
1001,Girl,16-20,No,Mid,Moderate
1002,Boy,21-25,Yes,Poor,Moderate
1003,Girl,11-15,Yes,Mid,Moderate
1004,Boy,11-15,Yes,Mid,Moderate
1005,Boy,11-15,Yes,Mid,Moderate
1006,Girl,21-25,Yes,Rich,Moderate
1007,Girl,21-25,Yes,Mid,Moderate
1008,Girl,1-5,Yes,Poor,Moderate
1009,Boy,11-15,Yes,Poor,Low
1010,Boy,21-25,Yes,Mid,Moderate
1011,Girl,11-15,Yes,Mid,Moderate
1012,Girl,21-25,No,Mid,Low
1013,Girl,26-30,Yes,Mid,Low
1014,Girl,16-20,No,Mid,Low
1015,Boy,16-20,Yes,Mid,Moderate
1016,Boy,16-20,No,Mid,Low
1017,Girl,1-5,Yes,Mid,Moderate
1018,Girl,16-20,No,Mid,Low
1019,Boy,11-15,Yes,Rich,Moderate
1020,Boy,21-25,Yes,Mid,Moderate
1021,Boy,21-25,No,Mid,Moderate
1022,Girl,11-15,Yes,Mid,Moderate
1023,Boy,21-25,Yes,Mid,Low
1024,Boy,21-25,Yes,Mid,Moderate
1025,Boy,26-30,No,Mid,High
1026,Boy,11-15,Yes,Mid,Low
1027,Girl,16-20,Yes,Mid,Low
1028,Girl,16-20,No,Mid,Low
1029,Girl,16-20,Yes,Mid,Moderate
1030,Girl,11-15,Yes,Mid,Low
1031,Girl,6-10,Yes,Mid,High
1032,Girl,16-20,No,Mid,Low
1033,Boy,11-15,Yes,Mid,High
1034,Girl,21-25,Yes,Rich,Moderate
1035,Girl,21-25,No,Mid,Low
1036,Boy,1-5,Yes,Mid,Low
1037,Boy,21-25,Yes,Mid,Moderate
1038,Girl,16-20,Yes,Mid,Low
1039,Girl,11-15,Yes,Rich,High
1040,Boy,11-15,Yes,Poor,Low
1041,Girl,21-25,Yes,Mid,Moderate
1042,Boy,21-25,Yes,Mid,Moderate
1043,Boy,21-25,No,Mid,Low
1044,Girl,16-20,Yes,Mid,Moderate
1045,Boy,21-25,Yes,Mid,Low
1046,Boy,21-25,Yes,Mid,Moderate
1047,Girl,1-5,Yes,Mid,Moderate
1048,Boy,11-15,Yes,Mid,Moderate
1049,Girl,11-15,Yes,Poor,Moderate
1050,Girl,11-15,Yes,Mid,Moderate
1051,Boy,21-25,Yes,Mid,Moderate
1052,Girl,11-15,Yes,Rich,Moderate
1053,Boy,11-15,Yes,Poor,Low
1054,Boy,1-5,No,Mid,Low
1055,Girl,11-15,No,Mid,Low
1056,Girl,21-25,Yes,Rich,Moderate
1057,Boy,16-20,Yes,Mid,Low
1058,Girl,21-25,Yes,Rich,Moderate
1059,Boy,11-15,Yes,Poor,Low
1060,Boy,26-30,No,Poor,Low
1061,Boy,21-25,No,Mid,Moderate
1062,Boy,21-25,Yes,Mid,Moderate
1063,Girl,16-20,Yes,Mid,Moderate
1064,Boy,11-15,Yes,Mid,Moderate
1065,Boy,26-30,Yes,Rich,High
1066,Boy,11-15,No,Mid,Low
1067,Boy,21-25,No,Mid,Low
1068,Boy,21-25,Yes,Mid,Moderate
1069,Girl,21-25,Yes,Mid,Moderate
1070,Girl,16-20,Yes,Mid,Moderate
1071,Boy,11-15,Yes,Mid,High
1072,Boy,11-15,Yes,Mid,High
1073,Girl,21-25,Yes,Mid,Low
1074,Girl,11-15,Yes,Mid,Moderate
1075,Boy,21-25,Yes,Mid,Low
1076,Boy,11-15,Yes,Mid,High
1077,Boy,16-20,Yes,Mid,Moderate
1078,Girl,11-15,Yes,Mid,Moderate
1079,Boy,16-20,No,Poor,Low
1080,Girl,16-20,No,Mid,Low
1081,Boy,16-20,Yes,Mid,Moderate
1082,Boy,21-25,No,Mid,Moderate
1083,Boy,11-15,Yes,Mid,Moderate
1084,Girl,16-20,No,Poor,Moderate
1085,Boy,6-10,Yes,Rich,Moderate
1086,Boy,16-20,No,Mid,Low
1087,Boy,21-25,Yes,Mid,Moderate
1088,Boy,21-25,Yes,Mid,Low
1089,Girl,16-20,No,Mid,Low
1090,Boy,11-15,Yes,Mid,Moderate
1091,Boy,11-15,Yes,Poor,Low
1092,Girl,16-20,No,Mid,Low
1093,Boy,16-20,Yes,Mid,Moderate
1094,Girl,16-20,No,Mid,Low
1095,Girl,21-25,Yes,Rich,High
1096,Girl,21-25,Yes,Mid,Moderate
1097,Boy,21-25,Yes,Rich,Low
1098,Girl,16-20,No,Mid,Moderate
1099,Girl,11-15,Yes,Poor,Moderate
1100,Boy,11-15,Yes,Poor,Low
1101,Girl,11-15,Yes,Mid,Moderate
1102,Girl,16-20,Yes,Mid,Moderate
1103,Girl,11-15,Yes,Mid,Moderate
1104,Boy,11-15,Yes,Rich,Moderate
1105,Boy,16-20,No,Mid,Moderate
1106,Girl,6-10,Yes,Mid,High
1107,Girl,11-15,Yes,Poor,Moderate
1108,Boy,6-10,Yes,Mid,Low
1109,Boy,11-15,Yes,Poor,Moderate
1110,Boy,16-20,Yes,Mid,Moderate
1111,Boy,16-20,No,Poor,Moderate
1112,Boy,11-15,No,Mid,Low
1113,Boy,11-15,Yes,Poor,Low
1114,Girl,11-15,Yes,Rich,High
1115,Girl,11-15,Yes,Poor,Low
1116,Boy,16-20,Yes,Mid,Moderate
1117,Girl,21-25,Yes,Mid,Moderate
1118,Girl,16-20,No,Mid,Moderate
1119,Girl,11-15,Yes,Mid,Moderate
1120,Girl,11-15,Yes,Mid,Moderate
1121,Boy,11-15,Yes,Mid,Moderate
1122,Boy,16-20,Yes,Mid,Moderate
1123,Boy,16-20,Yes,Mid,Moderate
1124,Boy,21-25,No,Mid,Low
1125,Girl,11-15,Yes,Rich,Moderate
1126,Boy,21-25,No,Mid,Low
1127,Boy,6-10,Yes,Mid,Low
1128,Boy,11-15,Yes,Mid,Moderate
1129,Boy,11-15,Yes,Poor,Moderate
1130,Boy,11-15,Yes,Poor,Low
1131,Girl,16-20,Yes,Mid,Low
1132,Boy,16-20,Yes,Mid,Moderate
1133,Girl,11-15,Yes,Mid,Moderate
1134,Girl,16-20,Yes,Mid,Low
1135,Girl,16-20,Yes,Mid,Moderate
1136,Girl,21-25,Yes,Mid,Moderate
1137,Girl,21-25,No,Mid,Moderate
1138,Girl,21-25,No,Mid,Moderate
1139,Boy,21-25,Yes,Mid,Low
1140,Girl,21-25,No,Mid,Moderate
1141,Boy,11-15,Yes,Rich,High
1142,Girl,16-20,Yes,Mid,Low
1143,Girl,16-20,No,Mid,Low
1144,Boy,16-20,No,Mid,Low
1145,Boy,16-20,Yes,Mid,Moderate
1146,Boy,21-25,Yes,Mid,Moderate
1147,Girl,11-15,Yes,Mid,Moderate
1148,Boy,16-20,Yes,Mid,Moderate
1149,Girl,16-20,No,Mid,Low
1150,Girl,16-20,No,Mid,Low
1151,Girl,11-15,Yes,Mid,Low
1152,Girl,1-5,Yes,Mid,Moderate
1153,Girl,11-15,Yes,Mid,Moderate
1154,Boy,21-25,No,Mid,Low
1155,Girl,1-5,Yes,Poor,Moderate
1156,Boy,16-20,Yes,Mid,Moderate
1157,Boy,26-30,Yes,Rich,High
1158,Girl,21-25,No,Mid,Low
1159,Boy,11-15,Yes,Poor,Moderate
1160,Boy,21-25,No,Mid,Moderate
1161,Girl,11-15,No,Mid,Low
1162,Girl,16-20,No,Poor,Moderate
1163,Boy,11-15,Yes,Mid,Moderate
1164,Boy,11-15,Yes,Mid,Moderate
1165,Boy,21-25,No,Mid,Moderate
1166,Girl,11-15,Yes,Mid,Moderate
1167,Girl,21-25,Yes,Mid,Low
1168,Boy,21-25,No,Mid,Moderate
1169,Girl,16-20,No,Mid,Low
1170,Boy,21-25,No,Poor,Moderate
1171,Boy,26-30,Yes,Rich,High
1172,Boy,21-25,No,Mid,Low
1173,Girl,16-20,No,Mid,Low
1174,Boy,21-25,Yes,Mid,Moderate
1175,Girl,11-15,Yes,Poor,Low
1176,Boy,26-30,Yes,Rich,High
1177,Boy,6-10,No,Mid,Low
1178,Boy,11-15,Yes,Mid,Moderate
1179,Girl,11-15,Yes,Rich,High
1180,Boy,1-5,No,Mid,Low
1181,Boy,16-20,Yes,Mid,Low
1182,Boy,21-25,No,Mid,Moderate
1183,Girl,16-20,No,Poor,Low
1184,Boy,11-15,Yes,Mid,Moderate
1185,Girl,11-15,Yes,Poor,Low
1186,Boy,11-15,Yes,Mid,Moderate
1187,Girl,16-20,No,Mid,Low
1188,Boy,6-10,Yes,Rich,Moderate
1189,Girl,21-25,Yes,Mid,Low
1190,Boy,26-30,Yes,Mid,Moderate
1191,Boy,11-15,Yes,Mid,Moderate
1192,Boy,16-20,No,Mid,Low
1193,Boy,21-25,Yes,Poor,High
1194,Boy,11-15,No,Mid,Low
1195,Boy,21-25,Yes,Poor,High
1196,Boy,16-20,No,Mid,Low
1197,Boy,21-25,Yes,Mid,Moderate
1198,Boy,16-20,No,Mid,Low
1199,Boy,21-25,Yes,Mid,Low
1200,Girl,16-20,Yes,Mid,Low
1201,Girl,16-20,No,Mid,Moderate
1202,Boy,11-15,Yes,Mid,Moderate
1203,Girl,16-20,No,Mid,Low
1204,Girl,11-15,Yes,Poor,Moderate
